Mitología,Región
Mitología Báltica,Europa del Este
Mitología abenaki,América del Norte
Mitología aborigen australiana,Oceanía
Mitología abrahámica,Oriente Medio
Mitología acadia,Oriente Medio
Mitología africana,África
Mitología afroamericana,Diáspora Africana
Mitología aimara,América del Sur
Mitología ainu,Asia del Noreste
Mitología akamba,África del Este
Mitología akan,África del Oeste
Mitología altaica,Asia del Noreste
Mitología alur,África Central
Mitología amazónica,América del Sur
Mitología americana,América
Mitología anatolia,Oriente Medio
Mitología anglosajona,Europa del Norte
Mitología anishinaabe,América Central
Mitología aragonesa,Europa del Oeste
Mitología argentina,América del Sur
Mitología ashanti,África del Oeste
Mitología asiria,Oriente Medio
Mitología asiática,Asia
Mitología asturiana,Europa del Oeste
Mitología azteca,América Central
Mitología babilónica,Oriente Medio
Mitología baganda,África del Este
Mitología banyarwanda,África del Este
Mitología bereber,África del Norte
Mitología boliviana,América del Sur
Mitología bribri,América Central
Mitología budista,Asia del Sur
Mitología bushongo,África Central
Mitología canadiense,América del Norte
Mitología cananea,Oriente Medio
Mitología cartaginesa,África del Norte
Mitología castellana,Europa del Oeste
Mitología catalana,Europa del Oeste
Mitología celta,Europa del Oeste
Mitología chibcha,América del Sur
Mitología chilena,América del Sur
Mitología chilota,América del Sur
Mitología china,Asia del Este
Mitología chippewa,América del Norte
Mitología circumpolar,América del Norte
Mitología colombiana,América del Sur
Mitología coreana,Asia del Este
Mitología creek,América del Norte
Mitología cristiana,Oriente Medio
Mitología cántabra,Europa del Oeste
Mitología dacia,Europa del Este
Mitología dahomey,África del Oeste
Mitología de América,América
Mitología de América Central,América Central
Mitología de América del Norte,América del Norte
Mitología de América del Sur,América del Sur
Mitología de Argólida,Europa del Sur
Mitología de Asia,Asia
Mitología de Asia Oriental,Asia del Noreste
Mitología de Costa Rica,América Central
Mitología de Creta,Europa del Sur
Mitología de El Salvador,América Central
Mitología de Europa,Europa
Mitología de Fiyi,Oceanía
Mitología de Galicia,Europa del Oeste
Mitología de Grecia Central,Europa del Sur
Mitología de Guatemala,América Central
Mitología de Hungría,Europa del Este
Mitología de Levante,Oriente Medio
Mitología de Melanesia,Oceanía
Mitología de Micronesia,Oceanía
Mitología de Oceanía,Oceanía
Mitología de Oriente Medio,Oriente Medio
Mitología de Polinesia,Oceanía
Mitología de Rumania,Europa del Este
Mitología de África,África
Mitología de Élide,Europa del Sur
Mitología del Antiguo Oriente Próximo,Oriente Medio
Mitología del Asia Central,Asia Central
Mitología del Asia meridional,Asia del Sur
Mitología del Asia norte,Asia del Noreste
Mitología del Asia sureste,Asia del Sureste
Mitología del Caribe,América Central
Mitología del País Vasco,Europa del Oeste
Mitología del Peloponeso,Europa del Sur
Mitología del catolicismo,Europa del Oeste
Mitología del cristianismo,Oriente Medio
Mitología del hinduismo,Asia del Sur
Mitología del islam,Oriente Medio
Mitología del judaísmo,Oriente Medio
Mitología dinka,África del Norte
Mitología doriana,Europa del Sur
Mitología efik,África del Oeste
Mitología egipcia,África del Norte
Mitología escandinava,Europa del Norte
Mitología escocesa,Europa del Oeste
Mitología eslava,Europa del Este
Mitología española,Europa del Oeste
Mitología estadounidense,América del Norte
Mitología estonia,Europa del Norte
Mitología europea,Europa
Mitología extremeña,Europa del Oeste
Mitología fenicia,Oriente Medio
Mitología filipina,Asia del Sureste
Mitología filistea,Oriente Medio
Mitología finlandesa,Europa del Norte
Mitología francesa,Europa del Oeste
Mitología frigia,Oriente Medio
Mitología gala,Europa del Oeste
Mitología galesa,Europa del Oeste
Mitología germana,Europa del Norte
Mitología griega,Europa del Sur
Mitología griega de Asia Menor,Oriente Medio
Mitología griega de Chipre,Europa del Sur
Mitología griega de Corinto,Europa del Sur
Mitología griega de Sicilia,Europa del Sur
Mitología griega de Tesalia,Europa del Sur
Mitología griega de Tracia,Europa del Sur
Mitología griega de Épiro,Europa del Sur
Mitología guanche,África del Oeste
Mitología guaraní,América del Sur
Mitología haida,América del Norte
Mitología hattiana,Oriente Medio
Mitología hawaiana,Oceanía
Mitología hinduista,Asia del Sur
Mitología hitita,Oriente Medio
Mitología hopi,América del Norte
Mitología huilliche,América del Sur
Mitología huron,América del Norte
Mitología hurrita,Oriente Medio
Mitología igbo,África del Oeste
Mitología inca,América del Sur
Mitología incaica,América del Sur
Mitología indoeuropea,Europa del Este
Mitología inuit,América del Norte
Mitología irania,Oriente Medio
Mitología irlandesa,Europa del Oeste
Mitología iroquesa,América del Norte
Mitología isoko,África del Oeste
Mitología itálica,Europa del Sur
Mitología japonesa,Asia del Este
Mitología judaica,Oriente Medio
Mitología judía,Oriente Medio
Mitología khoikhoi,África del Sur
Mitología kongo,África Central
Mitología kurumba,África del Oeste
Mitología kushita,África del Norte
Mitología kwakiutl,América del Norte
Mitología laconia,Europa del Sur
Mitología lakota,América del Norte
Mitología lapona,Europa del Norte
Mitología letona,Europa del Norte
Mitología levantina,Oriente Medio
Mitología lituana,Europa del Este
Mitología lotuko,África del Norte
Mitología lugbara,África Central
Mitología malgache,África del Este
Mitología maorí,Oceanía
Mitología mapuche,América del Sur
Mitología masai,África del Este
Mitología maya,América Central
Mitología mesoamericana,América Central
Mitología mesopotámica,Oriente Medio
Mitología mexica,América Central
Mitología mexicana,América Central
Mitología mixteca,América Central
Mitología navajo,América del Norte
Mitología nubia,África del Norte
Mitología nórdica,Europa del Norte
Mitología oceánica,Oceanía
Mitología olmeca,América Central
Mitología pascuense,Oceanía
Mitología pawnee,América del Norte
Mitología persa,Oriente Medio
Mitología peruana,América del Sur
Mitología pigmea,África Central
Mitología polinesia,Oceanía
Mitología portuguesa,Europa del Oeste
Mitología pueblo,América del Norte
Mitología purépecha,América Central
Mitología quechua,América del Sur
Mitología romana,Europa del Sur
Mitología rusa,Europa del Este
Mitología sajona y anglosajona,Europa del Norte
Mitología salish,América del Norte
Mitología samoana,Oceanía
Mitología sarda,Europa del Sur
Mitología selknam,América del Sur
Mitología semítica,Oriente Medio
Mitología shinto,Asia del Noreste
Mitología siberiana,Asia del Noreste
Mitología sumeria,Oriente Medio
Mitología séneca,América del Norte
Mitología tahitiana,Oceanía
Mitología talamanqueña,América Central
Mitología taína,América Central
Mitología tlaxcalteca,América Central
Mitología tolteca,América Central
Mitología tracia,Europa del Sur
Mitología tumbuka,África del Este
Mitología turca,Asia del Noreste
Mitología túrquica,Asia Central
Mitología ucraniana,Europa del Este
Mitología ugaritiche,Oriente Medio
Mitología vasca,Europa del Oeste
Mitología venezolana,América del Sur
Mitología vudú,Diáspora Africana
Mitología winnebago,América del Norte
Mitología wixarrica,América Central
Mitología yoruba,África del Oeste
Mitología zulú,África del Sur
Mitología zuñi,América del Norte
Mitología árabe,Oriente Medio
Mitología ática,Europa del Sur
Mitología íbera,Europa del Oeste
