Nombre,Clase
Aba,Diosa
Abaangüí,Deidad
Abante (centauro),Criatura
Abarbarea,Diosa
Abarbarea de Tiro,Diosa
Abarta,Deidad
Abas de Argos,Héroe
Abcán,Dios
Abcán,Deidad
Abelio,Deidad
Abere,Demonio
Abhasuara,Deidad
Abita,Deidad
Abnoba,Deidad
Abnoba,Diosa
Abudad,Deidad
Abuela Araña,Deidad
Abuela Araña,Criatura
Abuk,Deidad
Abumi-kuchi,Criatura
Abundancia,Diosa
Abura-sumashi,Criatura
Aburakago,Criatura
Abyzou,Criatura
Acacalis,Diosa
Academo,Héroe
Acala,Dios
Acala,Deidad
Acasta,Diosa
Aceso,Diosa
Aceso,Deidad
Achamán,Deidad
Achiyalatopa,Criatura
Acis,Dios
Acolhua (totochtli),Deidad
Acolnahuácatl,Criatura
Acratopotes,Héroe
Acrisio,Héroe
Acuecuecyoticihuatl,Deidad
Adefagia,Deidad
Adefagia,Diosa
Adicia,Diosa
Adicia,Deidad
Aditiá,Deidad
Admete (oceánide),Diosa
Adonis,Deidad
Adramelec,Dios
Adramelec,Deidad
Adramelec,Demonio
Adrano,Dios
Adrastea,Diosa
Adrasto (hijo de Mérope),Héroe
Adán,Deidad
Adón,Deidad
Adón,Dios
Aedea,Diosa
Aelo,Criatura
Aes,Dios
Aes Side,Dios
Aeternae,Criatura
Afanc,Criatura
Afaya,Diosa
Afeleia,Deidad
Afrodita,Diosa
Afrodito,Dios
Agamenón,Héroe
Aganipe,Diosa
Agatodemon,Dios
Agdistis,Diosa
Agdistis,Dios
Aggayú solá,Deidad
Aghásura,Criatura
Aglaya,Diosa
Aglaya,Deidad
Aglibol,Deidad
Aglibol,Dios
Agni,Dios
Agoyo,Deidad
Agrat bat Mahlat,Demonio
Agrio y Toante,Gigante
Agwé,Dios
Agón (palabra),Deidad
Ah Kumix Uinicob,Criatura
Ah Mucen Cab,Deidad
Ah Patnar Uinicob,Criatura
Ah Puch,Deidad
Ah tabai,Demonio
Ah tabai,Criatura
Ah tabai,Deidad
Aha,Criatura
Ahalcaná,Deidad
Ahau-Kin,Deidad
Ahia Njoku,Deidad
Ahuilteotl,Deidad
Ahura Mazda,Deidad
Ahuízotl (criatura),Criatura
Aiapoec,Deidad
Aiapæc,Deidad
Aidos,Deidad
Aidos,Diosa
Airitech,Criatura
Airón,Deidad
Aisyt,Deidad
Aizen Myō-ō,Dios
Aizen Myō-ō,Deidad
Ajatar,Criatura
Ajisukitakahikone,Dios
Ajá,Deidad
Ajé Shalunga,Deidad
Ak Ana,Deidad
Aka Allghoi Khorhoi,Criatura
Aka-shita,Criatura
Akaname,Criatura
Aken,Dios
Aker,Dios
Akerbeltz,Demonio
Akkorokamui,Deidad
Akkorokamui,Criatura
Akugyo,Criatura
Akurojin-no-hi,Criatura
Al-lat,Diosa
Ala,Deidad
Alabando,Héroe
Alaksmí,Diosa
Alal,Demonio
Alala,Deidad
Alala,Diosa
Alamanno,Dios
Alamelamma,Deidad
Alamelamma,Diosa
Alaunus,Dios
Albunea,Diosa
Alcioneo,Gigante
Alcínoo,Héroe
Alcíone (pléyade),Diosa
Alecto,Deidad
Alecto,Diosa
Alemonia,Diosa
Aletes,Dios
Aletes,Deidad
Alexiares y Aniceto,Deidad
Alexiares y Aniceto,Dios
Alfeo,Dios
Algos,Deidad
Algos,Diosa
Alicanto,Criatura
Alke,Deidad
Alkonost,Criatura
Allatu,Diosa
Allatu,Deidad
Almamula,Criatura
Almaqah,Dios
Almas (críptido),Criatura
Almops,Gigante
Almáttki áss,Dios
Almón (oceánida),Dios
Alpo,Gigante
Alruna,Diosa
Alseide,Diosa
Alux,Criatura
Alvíss,Criatura
Alá,Dios
Alá,Deidad
Alétheia,Deidad
Alóadas,Gigante
Alû,Demonio
Ama-no-jaku,Criatura
Amabie,Criatura
Amala,Criatura
Amala,Gigante
Amaltea,Criatura
Amaltea,Diosa
Amalur,Diosa
Amalur,Deidad
Amanozako,Dios
Amarok,Criatura
Amaru,Deidad
Amaru Aranway,Criatura
Amaterasu,Diosa
Amazake-babaa,Criatura
Ame-no-Uzume,Diosa
Ame-no-minaka-nushi-no-kami,Dios
Amecania,Diosa
Amecania,Deidad
Amefurikozō,Criatura
Amenhotep (hijo de Hapu),Dios
Amentit,Diosa
Ameonna,Dios
Amesemi,Dios
Amikiri,Criatura
Amimitl,Deidad
Ammavaru,Diosa
Ammyt,Diosa
Ammyt,Criatura
Amonet,Diosa
Amotken,Deidad
Amset,Dios
Amset,Deidad
Amsha,Dios
Amurru,Dios
Amurru,Deidad
Amón,Dios
Anahita,Deidad
Anaideia,Diosa
Anaideia,Deidad
Anaisa Pye (loa),Dios
Ananké,Diosa
Ananké,Deidad
Anansi,Criatura
Anapel,Deidad
Anapo,Dios
Anat,Dios
Anat,Deidad
Anax,Gigante
Ancamna,Dios
Andhaka,Demonio
Andhrimnir,Dios
Andriago,Criatura
Androctasias,Deidad
Andvari,Criatura
Andyety,Dios
Anfictíone,Diosa
Anfilogías,Diosa
Anfilogías,Deidad
Anfiro,Diosa
Anfisbena,Criatura
Anfitrite,Diosa
Anfriso,Criatura
Anfriso,Dios
Angelia,Diosa
Angelia,Deidad
Angelos,Diosa
Angerona,Diosa
Angitia,Diosa
Angra Mainyu,Demonio
Angra Mainyu,Deidad
Angrboda,Gigante
Angus,Dios
Angus,Deidad
Anguípedo,Criatura
Anigrides,Diosa
Aniruddha (nieto de Krisná),Dios
Anjana,Criatura
Anna Perenna,Diosa
Annapurna,Dios
Annikki,Dios
Annona (diosa),Diosa
Anqi Sheng,Dios
Anquíale,Dios
Anquínoe,Diosa
Ansar,Deidad
Anteo,Criatura
Anteo,Gigante
Antero Vipunen,Criatura
Anteros,Deidad
Antevorta,Diosa
Anticristo,Demonio
Antu (pillán),Deidad
Antum,Deidad
Antífates,Gigante
Antífates,Criatura
Antíope,Diosa
Anu,Deidad
Anu (diosa celta),Diosa
Anu (diosa celta),Deidad
Anubis,Dios
Anuket,Diosa
Anunnaki,Deidad
Anzar,Deidad
Ao Guang,Dios
Ao-nyōbō,Criatura
Aoandaon,Criatura
Aobōzu,Criatura
Aosaginohi,Criatura
Apaliunas,Deidad
Apasmara,Criatura
Apedemak,Dios
Apeliotes,Deidad
Apis,Dios
Apofis,Criatura
Apolo,Dios
Aporia,Deidad
Aprís,Deidad
Apsará,Deidad
Apsará,Diosa
Apsu,Deidad
Apídano,Dios
Aquelois,Diosa
Aqueloo,Dios
Aqueronte,Dios
Aquiles,Héroe
Aquilón,Dios
Arae,Deidad
Arae,Diosa
Aramazd,Deidad
Araziel,Criatura
Ardesco,Dios
Ardhanari,Dios
Ardhanari,Diosa
Arensnufis,Dios
Areop-Enap,Deidad
Ares,Dios
Arete,Héroe
Aretusa,Diosa
Areté,Diosa
Argentino,Dios
Arges,Gigante
Argos Panoptes,Criatura
Argos Panoptes,Gigante
Ariadna,Dios
Ariadna,Deidad
Ariel (demonio),Demonio
Ariel (ángel),Criatura
Arimaspos,Criatura
Arinna,Deidad
Arinnitti,Deidad
Aristeas y Papías (escultores),Criatura
Aristeo,Dios
Arión,Criatura
Arjuna,Héroe
Aroni,Deidad
Arque,Diosa
Arsay,Diosa
Artemisa,Diosa
Artio,Diosa
Arundhati,Deidad
Aruná,Dios
Arvak y Alsvid,Criatura
Aryaman,Dios
Asag,Demonio
Asakku,Demonio
Asase Ya,Deidad
Asclepio,Dios
Asclepio,Deidad
Ash,Dios
Ashi,Deidad
Ashimagari,Criatura
Ashinazuchi y Tenazuchi,Dios
Ashnan,Deidad
Ashuin,Dios
Asia,Diosa
Asio,Héroe
Asmodeo,Demonio
Asopo,Dios
Aspidoquelonio,Criatura
Assur,Deidad
Asta Laksmí,Diosa
Astamurti,Dios
Astarot,Deidad
Astarot,Dios
Astarté,Diosa
Astarté,Deidad
Astarté,Dios
Asteria,Deidad
Asteria (hija de Ceo),Deidad
Asteria (hija de Ceo),Diosa
Asterión (gigante),Gigante
Asterión (oceánida),Dios
Asterodea,Diosa
Asteropeo,Héroe
Astra Planeta,Deidad
Astreo,Deidad
Asuang,Demonio
Asura (budismo),Deidad
Asura (budismo),Demonio
Asura (hinduismo),Demonio
Atabey,Deidad
Atabirio,Dios
Ataecina,Deidad
Atalanta,Héroe
Ate,Deidad
Ate,Diosa
Atea,Deidad
Atenea,Diosa
Athene noctua,Criatura
Atis,Dios
Atlacoya,Deidad
Atlahua,Deidad
Atlakamani,Deidad
Atlas,Deidad
Atlatonin,Deidad
Atos,Gigante
Attar,Dios
Atum,Dios
Atón,Dios
Auloníade,Diosa
Aura,Diosa
Aura,Deidad
Auras,Diosa
Aurboda,Gigante
Aurora,Diosa
Austro,Dios
Auxo,Dios
Auðumbla,Criatura
Avalokiteshvara,Deidad
Avatar,Dios
Aves del Estínfalo,Criatura
Avilix,Deidad
Awonawilona,Deidad
Axilo,Héroe
Aya,Deidad
Aya,Diosa
Ayauhtéotl (diosa),Deidad
Ayayema,Deidad
Ayaó,Deidad
Ayida-Wedo,Dios
Ayo Locucio,Dios
Ayya Vaikundar,Deidad
Ayyanar,Dios
Ayyappan,Dios
Azazel (ángel caído),Criatura
Azi Dahaka,Demonio
Azi Dahaka,Criatura
Azi Dahaka,Dragón
Azizos,Dios
Azrael,Deidad
Azrael,Criatura
Azucena (leyenda urbana),Criatura
Azukiarai,Criatura
Añangá,Deidad
Añá,Demonio
Baal,Dios
Baal,Deidad
Baal Hammon,Deidad
Baal Hammon,Dios
Baalshamin,Deidad
Baalshamin,Dios
Baaltis,Dios
Baaltis,Deidad
Baba,Deidad
Babalawo,Deidad
Babalú Ayé,Deidad
Bacab,Deidad
Bacax,Dios
Bachué,Deidad
Badb,Deidad
Badb,Dios
Baduhenna,Dios
Baeiwe,Deidad
Bahamut,Criatura
Bakasura (demonio matado por Bhima),Demonio
Bakasura (demonio matado por Krisna),Demonio
Bake-kujira,Criatura
Bakeneko,Criatura
Baku,Criatura
Balam,Deidad
Balam,Criatura
Balam Quitzé,Deidad
Balar,Deidad
Balar,Dios
Balaur,Criatura
Balaur,Dragón
Balberith,Deidad
Balberith,Demonio
Balder,Dios
Bali (rey mitológico),Demonio
Banebdyedet,Dios
Banshee,Criatura
Baobhan sith,Criatura
Baphomet,Demonio
Barnumbir,Deidad
Barón Samedi,Dios
Basajaun,Criatura
Basamum,Dios
Basan,Criatura
Basandere,Criatura
Bashe,Dragón
Bashe,Criatura
Basilisco (criatura mitológica),Criatura
Basilisco chilote,Criatura
Basldseg,Dios
Bastet,Diosa
Basty,Dios
Bat,Diosa
Bata,Dios
Bauchan,Criatura
Baugi,Gigante
Baí Zé,Criatura
Behedety,Dios
Beiwe,Deidad
Bel,Deidad
Belcebú,Demonio
Belcebú,Deidad
Belenus,Dios
Belenus,Deidad
Belerofonte,Héroe
Belfegor,Demonio
Beli,Gigante
Belial,Demonio
Belisama,Diosa
Belit Ilani,Deidad
Belit Ilani,Diosa
Belié Belcán (loa),Dios
Belona,Diosa
Bembé,Deidad
Bendis,Deidad
Bennu,Criatura
Bentesicime,Diosa
Bentesicime,Dios
Benthameleón,Demonio
Benzaiten,Diosa
Berbalang,Criatura
Beret-seri,Demonio
Beret-seri,Deidad
Bergelmir,Gigante
Beroe,Diosa
Bes,Dios
Bestia de Gévaudan,Criatura
Bestia del Apocalipsis,Criatura
Bestla,Gigante
Betatun,Deidad
Bhaga,Dios
Bhasmasura,Demonio
Bhishmá,Deidad
Bhishmá,Dios
Bhishmá,Héroe
Bies,Criatura
Billingr,Criatura
Billingr,Gigante
Bjära,Criatura
Blóðughófi,Criatura
Bochica,Deidad
Bodb,Deidad
Bogeyman,Criatura
Boggart,Criatura
Boitatá,Criatura
Bolefuego,Criatura
Bolina,Diosa
Bolon Tiku,Deidad
Bolthorn,Gigante
Bona Dea,Diosa
Bor,Dios
Boraro,Criatura
Borvo,Dios
Boréadas,Héroe
Boyuna,Criatura
Bragi,Dios
Brahma,Dios
Brahman (divinidad impersonal hinduista),Dios
Brahmā (budismo),Deidad
Brahmā (budismo),Dios
Bres,Deidad
Briareo,Gigante
Brigid,Deidad
Brihaspati,Deidad
Brihaspati,Dios
Britomartis,Deidad
Britomartis,Diosa
Brizo,Diosa
Brok,Criatura
Brontes,Gigante
Brownie,Criatura
Bruja Codos,Criatura
Brunilda (valquiria),Diosa
Buarainech,Criatura
Buddhi,Diosa
Budha (Mercurio),Dios
Bufeo colorado,Criatura
Bujis,Criatura
Bulgae,Criatura
Buluc-Chabtan,Deidad
Bulumia,Deidad
Bunjil,Deidad
Bunyip,Criatura
Buraq,Criatura
Buri,Dios
Busgosu,Criatura
Byakko,Criatura
Bygul,Criatura
Bía,Deidad
Bía,Diosa
Bóreas,Deidad
Býleistr,Gigante
Caballo Martillo,Criatura
Caballo de viento,Criatura
Caballo marino chilote,Criatura
Caballucos del Diablu,Criatura
Cabeza de Buey y Cara de Caballo,Criatura
Cabiros,Dios
Cabiros,Deidad
Cabrakán,Criatura
Caca,Diosa
Caco,Gigante
Caco,Dios
Cadejo,Criatura
Caelestis,Diosa
Caelestis,Deidad
Caelus,Dios
Cahuelche,Criatura
Cai Shen,Criatura
Cailleach Béirre,Diosa
Caipora,Criatura
Cait Sidhe,Criatura
Calais,Héroe
Calchona,Criatura
Calcis (ninfa),Diosa
Calcodonte,Héroe
Caliadne,Diosa
Calipso,Diosa
Calisto,Diosa
Calíope,Deidad
Calíope,Diosa
Calírroe (hija de Aqueloo),Diosa
Calírroe (oceánide),Diosa
Camael,Criatura
Camahueto,Criatura
Camaxtli,Deidad
Camazotz,Criatura
Camenas,Diosa
Campe,Criatura
Campe,Deidad
Camulos,Dios
Camulos,Deidad
Candelífera,Diosa
Canillo,Criatura
Canillo,Gigante
Cao Guojiu,Deidad
Caos,Deidad
Caprotina,Diosa
Carbunclo,Dragón
Carbunclo,Criatura
Carcinos,Criatura
Cardea,Diosa
Cariatis,Diosa
Caribdis,Criatura
Caribdis,Diosa
Cariclo,Diosa
Carme,Deidad
Carme,Diosa
Carmenta,Diosa
Carpo,Deidad
Carpo,Diosa
Casere,Dios
Cassiel,Criatura
Castalia,Diosa
Castalia,Deidad
Castitas,Diosa
Catequil,Deidad
Cath Palug,Criatura
Catoblepas,Criatura
Caístro,Dios
Caón,Héroe
Cebrén,Dios
Ceceaigis,Dios
Cecias,Deidad
Cefiso,Dios
Cefiso (Atenas),Dios
Cegua,Criatura
Celeno (harpía),Criatura
Celeno (pléyade),Diosa
Celeris,Criatura
Centauro,Criatura
Centzon Huitznáhuac,Deidad
Centzon Mimixcoa,Deidad
Centzon Totochtin,Deidad
Ceo,Deidad
Cerbero,Criatura
Cerda de Cromión,Criatura
Ceres,Diosa
Ceridwen,Diosa
Cermait,Deidad
Cermait,Dios
Cernunnos,Deidad
Ceto (hija de Ponto),Dios
Ceto (hija de Ponto),Criatura
Ceto (monstruo marino),Dios
Ceto (monstruo marino),Criatura
Ceto (oceánide),Diosa
Ceutonirao,Deidad
Chaac,Deidad
Chaitania,Dios
Chakor,Criatura
Chalchiuhtecólotl,Criatura
Chalchiuhtlicue,Deidad
Chalchiuhtotolin,Deidad
Chalmecacihuatl,Deidad
Chamer,Deidad
Chan Chu,Criatura
Chandra,Dios
Chaneque,Criatura
Chang'e,Diosa
Changó,Deidad
Chantico,Deidad
Chaotroquin,Deidad
Chaquen,Deidad
Chatur viuja,Dios
Chaxiraxi,Deidad
Che Uinic,Criatura
Chenrezig,Deidad
Chernabog,Deidad
Cheukshin,Deidad
Chi You,Deidad
Chicchan,Criatura
Chickcharnie,Criatura
Chicomecóatl,Deidad
Chicomexóchtli,Deidad
Chimalma,Deidad
Chimalpanécatl,Deidad
Chimata-no-kami,Dios
Chin,Deidad
Chitragupta,Dios
Chollima,Criatura
Chonchón,Criatura
Chuchunya,Criatura
Chukwu,Deidad
Chupacabras,Criatura
Chía,Deidad
Ciamites,Deidad
Cian,Deidad
Cianea,Diosa
Cibeles,Diosa
Cibeles,Deidad
Cidno,Dios
Cidoimos,Deidad
Cidoimos,Dios
Cierva de Cerinea,Criatura
Ciguapa,Criatura
Cihuacalli,Diosa
Cihuacóatl,Criatura
Cihuacóatl,Diosa
Cihuamazatl,Diosa
Cihuaozomatl,Diosa
Cihuaquauhtli,Diosa
Cihuaquiahuitl,Diosa
Cihuatecayotl,Deidad
Cihuateteo,Criatura
Cimopolea,Dios
Cimopolea,Diosa
Cinosura,Diosa
Cinteteo,Deidad
Cintéotl,Deidad
Cipactli,Criatura
Cipactónal,Deidad
Circe,Diosa
Citerón,Deidad
Citlallicue,Deidad
Citlaltónac,Deidad
Cito,Deidad
Clementia,Diosa
Cleodora (ninfa),Diosa
Cleopatra,Diosa
Clete,Diosa
Clidánope,Diosa
Clitia,Diosa
Clitoneo,Héroe
Clitunno,Dios
Cloacina,Diosa
Cloris,Diosa
Cloris,Dios
Cloto,Diosa
Cloto,Deidad
Clurichaun,Criatura
Clímene (oceánide),Diosa
Clío,Diosa
Coalemo,Dios
Coalemo,Deidad
Coatlicue,Deidad
Cochimetl,Deidad
Coco (folclore),Criatura
Cocollona,Criatura
Colhuantzíncatl,Deidad
Colo Colo,Criatura
Combe,Diosa
Cometes (hijo de Esténelo),Héroe
Concordia,Diosa
Condatis,Dios
Conejo de Pascua,Criatura
Consortes de Ganesha,Diosa
Consus,Dios
Coo,Criatura
Corceles de los Æsir,Dios
Corceles de los Æsir,Criatura
Coricia,Diosa
Coricio,Diosa
Coro,Dios
Coro,Deidad
Coso,Deidad
Cotis,Diosa
Cotis,Dios
Coto,Gigante
Coventina,Diosa
Coyolxauhqui,Deidad
Coyopa,Deidad
Coyote,Criatura
Cozauhquicintéotl,Deidad
Cozauhquicintéotl,Dios
Coztzitzimitl,Demonio
Coñipoñi,Criatura
Cratos,Deidad
Cremetes,Dios
Creneas,Diosa
Cretón,Héroe
Creúsa (náyade),Diosa
Criaturas míticas de Birmania,Criatura
Crioesfinge,Criatura
Crisaor,Gigante
Criso,Deidad
Crisopelea,Diosa
Crom Dubh,Deidad
Crom Dubh,Dios
Crono,Deidad
Crono (primigenio),Deidad
Crío,Deidad
Ctónico,Dios
Cuahuitlicac,Deidad
Cuatlapanqui,Deidad
Cuatro Reyes Celestiales,Deidad
Cuatro Reyes Celestiales,Dios
Cuatro símbolos (constelación china),Criatura
Cuba,Diosa
Cuchavira,Deidad
Cuchivilo,Criatura
Cuegle,Criatura
Cuerauáperi,Deidad
Cuero (leyenda),Criatura
Cuervo de tres patas,Criatura
Culebrón,Criatura
Culsu,Diosa
Cumacanga,Criatura
Cunina,Diosa
Cupido,Dios
Cura,Diosa
Curetes,Dios
Curicaueri,Deidad
Curspi,Demonio
Cuélebre,Criatura
Cálice,Diosa
Cárites,Diosa
Cárites,Deidad
Cástor,Héroe
Cécrope I,Héroe
Cécrope I,Dragón
Cécrope I,Criatura
Céfiro,Deidad
Cíane,Diosa
Cíclope,Criatura
Cíclope,Gigante
Cíclope de la selva Misquita,Criatura
Cúchulainn,Héroe
Daena,Deidad
Daeva,Deidad
Daeva,Demonio
Dafne,Diosa
Dagda,Deidad
Dagr,Dios
Dagón,Deidad
Dagón,Demonio
Dahu,Criatura
Daiitoku Myō-ō,Dios
Daiitoku Myō-ō,Deidad
Daikokuten,Diosa
Daikokuten,Dios
Daitia,Demonio
Daksha,Dios
Dama de la Justicia,Diosa
Damballa,Dios
Damkina,Diosa
Damkina,Deidad
Damnameneo,Criatura
Damu,Deidad
Damón,Criatura
Dana (diosa celta),Deidad
Dana (diosa celta),Dios
Danu (hinduismo),Demonio
Danu (hinduismo),Diosa
Danza del dragón,Dragón
Daruma,Criatura
Dashavatara,Dios
Datsue-ba,Criatura
Dattatreya,Deidad
Dattatreya,Dios
Dea Dia,Diosa
Dea Matrona,Diosa
Dea Matrona,Deidad
Dedun,Dios
Deer Woman,Criatura
Dei Lucrii,Dios
Deidades feroces,Deidad
Deidades primordiales de la mitología grieg,Deidad
Deimos,Dios
Deimos,Deidad
Delfina,Dragón
Delling,Dios
Demogorgon,Demonio
Demon,Criatura
Deméter,Diosa
Denix,Dios
Derceto,Dios
Derceto,Deidad
Derg corra,Dios
Descarnada,Criatura
Despena,Diosa
Deva (budismo),Deidad
Deva (religión),Deidad
Devakī,Deidad
Deverra,Diosa
Dewi Shri,Deidad
Deífobo,Héroe
Deñ,Criatura
Dhanwantari,Dios
Di indigetes,Dios
Di inferi,Dios
Di nixi,Diosa
Diablo,Deidad
Diablo,Criatura
Diablo,Demonio
Diablo Cojuelo,Demonio
Diablo de Jersey,Criatura
Dian Cecht,Deidad
Diana,Diosa
Diana Nemorensis,Diosa
Diana Nemorensis,Deidad
Diaus Pitar,Deidad
Diaus Pitar,Dios
Diaño,Criatura
Dice,Diosa
Dice,Deidad
Dictina,Diosa
Dies,Diosa
Dieus,Dios
Dii Consentes,Dios
Dii Mauri,Deidad
Dilong,Dragón
Dimpemekug,Deidad
Dingir,Deidad
Diomedes,Héroe
Diomedes de Tracia,Gigante
Dione,Deidad
Dione,Diosa
Dioniso,Dios
Dios de los báculos,Deidad
Dios desconocido,Dios
Dios desconocido,Deidad
Dios en el cristianismo,Deidad
Dios en el islam,Deidad
Dios maya del maíz,Deidad
Diosas Tenma,Deidad
Dioscuros,Deidad
Dioscuros,Dios
Dioscuros,Héroe
Dioses del viento griegos,Dios
Dioses domésticos,Dios
Dip,Criatura
Dirce,Diosa
Dis Pater,Dios
Disciplina,Diosa
Disebia,Diosa
Disebia,Deidad
Disnomia,Deidad
Disnomia,Diosa
Diti,Diosa
Dius Fidus,Dios
Dobhar-chú,Criatura
Dodona,Diosa
Dokkaebi,Criatura
Dol hareubang,Deidad
Dolos,Deidad
Domovik,Criatura
Domovik,Deidad
Doncella cisne,Criatura
Doncellas del Rin,Diosa
Doncellas del Rin,Criatura
Doppelgänger,Criatura
Doris (oceánide),Diosa
Doto,Diosa
Dragón cerdo,Dragón
Dragón coreano,Criatura
Dragón coreano,Dragón
Dragón de Wawel,Dragón
Dragón de la Cólquida,Dragón
Dragón de la Cólquida,Criatura
Dragón eslavo,Dragón
Dragón japonés,Criatura
Draugr,Criatura
Draupadi,Diosa
Duende de Lincoln,Criatura
Duende zahorí,Criatura
Dueño del monte,Gigante
Dukúr Bulu,Deidad
Dululba,Criatura
Durga,Diosa
Durin,Criatura
Durvasa,Dios
Dusios,Dios
Dusios,Demonio
Dvalin,Criatura
Dybbuk,Demonio
Dzahui,Deidad
Dáctilo,Dios
Dáctilo,Criatura
Dáinn,Criatura
"Dáinn, Dvalinn, Duneyrr y Duraþrór",Criatura
Dámiso,Gigante
Dámodar,Dios
Dánava,Demonio
Dárdano,Héroe
Décima,Diosa
Dísir,Diosa
Dōsojin,Dios
Eachy,Criatura
Eante,Dios
Ebisu,Dios
Eco,Diosa
Edimmu,Demonio
Edusa,Diosa
Efialtes (hijo de Gea),Gigante
Efidacia,Diosa
Ega,Criatura
Ega,Diosa
Egeria,Diosa
Egestas,Dios
Egeón,Dios
Eggthér,Gigante
Eggun,Deidad
Egina,Diosa
Egipán,Dios
Egipán,Criatura
Egle,Diosa
Ehecatotontli,Deidad
Ehécatl,Deidad
Eikþyrnir,Criatura
Eir,Diosa
Eisheth Zenunim,Criatura
Ek Chuah,Deidad
Ekeko,Deidad
Ekwensu,Deidad
Ekwensu,Demonio
El (dios semítico),Dios
El (dios semítico),Deidad
El Cadáver Apestoso,Gigante
El Tío,Deidad
El hombre pez de Liérganes,Criatura
El mono Congo,Criatura
El-Gabal,Dios
Elal,Héroe
Elatha,Deidad
Elbis,Deidad
Electra (Pléyade),Diosa
Electra (oceánide),Diosa
Elegguá,Deidad
Eleos,Deidad
Eleos,Dios
Elfo,Criatura
Elohim,Dios
Elohim,Deidad
Elpis,Diosa
Elpis,Deidad
Eluro,Dios
Emela-ntouka,Criatura
Emesh,Deidad
Emma-O,Deidad
Empanda,Diosa
Emperador amarillo,Deidad
Emperador de Jade,Deidad
Empusa,Criatura
Enano,Criatura
Enbilulu,Deidad
Encélado,Gigante
Endill,Gigante
Endovélico,Dios
Endriago,Criatura
Endriago,Dragón
Endursaga,Deidad
Eneas,Héroe
Enialio,Dios
Enipeo,Dios
Enki,Deidad
Enkidu,Deidad
Enkimdu,Deidad
Enlil,Criatura
Enlil,Deidad
Enma,Dios
Enma,Criatura
Enma,Deidad
Enone,Diosa
Enotropeas,Diosa
Enten,Deidad
Envidia,Diosa
Enío,Deidad
Enío,Diosa
Eolo,Dios
Eopshin,Criatura
Eopshin,Deidad
Eos,Deidad
Eos,Diosa
Epidotas,Dios
Epifrón,Deidad
Epimeteo,Deidad
Epimélides,Diosa
Epione,Dios
Epona,Diosa
Epunamun,Deidad
Equidna,Criatura
Equidna,Diosa
Erasino,Dios
Erato (dríade),Diosa
Erató,Diosa
Ereshkigal,Diosa
Ergía,Diosa
Ergía,Deidad
Erinias,Deidad
Erinias,Diosa
Eris,Diosa
Eris,Deidad
Eritea,Criatura
Erlang Shen,Deidad
Erlang Shen,Dios
Erlik,Demonio
Erlik,Deidad
Ernmas,Deidad
Eros,Deidad
Eros,Dios
Erotes,Dios
Erra,Deidad
Erudinus,Deidad
Erzulie,Dios
Erídano,Dios
Escamandro,Dios
Escila,Diosa
Escila,Criatura
Escila y Caribdis,Criatura
Escila y Caribdis,Diosa
Esciápodo,Criatura
Esege Malan,Deidad
Esfinge,Criatura
Esfinge egipcia,Criatura
Eshmún,Dios
Eshu,Deidad
Espermo,Dios
Esperqueo,Dios
Esteno,Criatura
Estigia,Diosa
Estirge,Criatura
Estrofia,Diosa
Esténelo (hijo de Capaneo),Héroe
Esténtor,Héroe
Estérope (hija de Atlante),Diosa
Estéropes,Gigante
Esus,Dios
Ethniu,Deidad
Etna,Diosa
Etra,Diosa
Etugen Eke,Deidad
Etón,Criatura
Eubea,Diosa
Euclea,Diosa
Euclea,Deidad
Eufema,Deidad
Eufema,Diosa
Eufrósine,Dios
Eulabeia,Diosa
Eulabeia,Deidad
Eunice,Diosa
Eunomia,Deidad
Eunomia,Diosa
Eunosto,Diosa
Eunosto,Deidad
Eunosto (héroe),Héroe
Eupraxia,Deidad
Eupraxia,Diosa
Euresis,Diosa
Euribia,Diosa
Eurimedonte,Gigante
Euro,Deidad
Europa (oceánide),Diosa
Euríale,Criatura
Euríale,Deidad
Eurídice,Diosa
Eurínome (oceánide),Diosa
Eusebia,Deidad
Eutenea,Diosa
Eutenea,Deidad
Euterpe,Diosa
Eva,Deidad
Evadne (hija de Poseidón),Diosa
Evandro,Dios
Eveno,Dios
Eventus Bonus,Dios
Ezis,Diosa
Ezis,Deidad
Eólice,Diosa
Eón,Dios
Fabulino,Dios
Faetusa,Diosa
Faetusa,Deidad
Fafner,Criatura
Falacro,Dios
Fanes,Deidad
Fantaso,Deidad
Farbauti,Gigante
Faro,Deidad
Fatum,Dios
Fauno,Dios
Fear liath,Criatura
Febe,Deidad
Febe,Diosa
Febo,Dios
Februus,Dios
Felicitas,Diosa
Feme,Diosa
Feme,Deidad
Fenghuang,Criatura
Fenrir,Criatura
Ferusa,Diosa
Fides,Diosa
Filira (hija de Asopo),Diosa
Filira (oceánide),Diosa
Filofrósine,Diosa
Filofrósine,Deidad
Filomelo,Deidad
Filomelo,Dios
Filotes,Diosa
Filotes,Deidad
Fiura,Criatura
Fjalar y Galar,Criatura
Fjörgynn,Dios
Flechador del Sol,Héroe
Flidais,Deidad
Flins,Deidad
Flora,Diosa
Fo-Hi,Criatura
Fobos,Dios
Fobos,Deidad
Fobétor,Deidad
Folo,Criatura
Fomoré,Deidad
Fomoré,Dios
Fonos,Deidad
Fonto,Dios
Forcis,Dios
Formido,Diosa
Fornax,Diosa
Fornjót,Gigante
Forseti,Dios
Fortuna,Diosa
Fottei,Dios
Fraus,Dios
Frey,Deidad
Freyja,Deidad
Frice,Deidad
Frigg,Diosa
Fudō Myō-ō,Deidad
Fudō Myō-ō,Dios
Fufluns,Dios
Fulla,Diosa
Furaribi,Criatura
Fushoulu,Dios
Fushoulu,Deidad
Futakuchi-onna,Criatura
Fylgja,Criatura
Fénix,Criatura
Fórcides,Criatura
Fórculo,Dios
Fósforo,Dios
Făt-Frumos,Héroe
Fūjin,Dios
Gaasyendietha,Dragón
Gaasyendietha,Criatura
Gaga,Deidad
Galatea,Diosa
Galdrar,Diosa
Gallu,Demonio
Galtzagorri,Criatura
Gamusino,Criatura
Gandaberunda,Criatura
Gandalf,Criatura
Gandharva,Deidad
Ganesha,Dios
Ganga (diosa),Diosa
Ganimedes,Héroe
Garbhodakasai Visnú,Dios
Garm,Criatura
Garuda,Deidad
Gashadokuro,Criatura
Gashin (culto),Deidad
Gatotkacha,Demonio
Gatumdu,Deidad
Gaueko,Criatura
Gazeka,Criatura
Gea,Deidad
Gea,Diosa
Geb,Dios
Gefjun,Diosa
Gegenees,Criatura
Geirröd,Gigante
Gelos,Deidad
Genbu,Criatura
Genii cucullati,Deidad
Genio,Deidad
Geras,Deidad
Geras,Dios
Geri y Freki,Criatura
Gerión,Criatura
Gerión,Gigante
Gerra,Deidad
Gersemi,Diosa
Gerð,Gigante
Geshtu-e,Deidad
Gibil,Deidad
Gigante,Gigante
Gigantes patagónicos,Gigante
Giges,Gigante
Gilgamesh,Héroe
Gilling,Gigante
Gjálp y Greip,Gigante
Glauco,Criatura
Glauco,Dios
Glauco (soldado),Héroe
Glaur,Dios
Glod,Gigante
Gluskap,Deidad
Glycon,Criatura
Gna,Diosa
Gohō dōji,Deidad
Gong Gong,Deidad
Gongen,Deidad
Gopi,Diosa
Gorgona,Criatura
Gortinio,Dios
Gotokoneko,Criatura
Gramadevata,Deidad
Gran Diosa de Teotihuacán,Deidad
Grani,Criatura
Graoully,Dragón
Grayas,Diosa
Grendel,Gigante
Grendel,Demonio
Grendel,Criatura
Grigori,Criatura
Gríðr,Gigante
Guabancex,Deidad
Guajona,Criatura
Gualicho,Demonio
Guallipén,Criatura
Guan Yin,Diosa
Guaxa,Criatura
Guayota,Deidad
Guayota,Demonio
Gudmund,Gigante
Gugalanna,Deidad
Guirivilo,Criatura
Guivre,Criatura
Gula,Diosa
Gula,Deidad
Gullfaxi,Criatura
Gullinbursti,Criatura
Gullinkambi,Criatura
Gulltoppr,Criatura
Gullveig,Dios
Gun Ana,Deidad
Gundari Myō-ō,Deidad
Gundya Tikoa,Deidad
Gunnlod,Gigante
Gunnr,Diosa
Gunungshin,Deidad
Gurumapa,Demonio
Gurumapa,Criatura
Gurzil,Deidad
Gusano del Indo,Criatura
Gwishin,Criatura
Gwydion,Deidad
Góvardhana,Deidad
Göndul,Diosa
Güije,Criatura
Gōzanze Myō-ō,Deidad
Gōzanze Myō-ō,Dios
Ha,Dios
Hachiman,Dios
Hachiman,Deidad
Hadad,Deidad
Hadad,Dios
Hafgufa,Criatura
Hag,Criatura
Halia,Diosa
Halia,Dios
Halimede,Diosa
Halio,Héroe
Hamadríade,Diosa
Hamingja,Criatura
Hamsa,Criatura
Hamskerpir y Garðrofa,Criatura
Han Xiangzi,Deidad
Han'yō,Criatura
Hanako-san,Criatura
Hanbi,Demonio
Hanbi,Deidad
Haniel,Criatura
Hanuch,Criatura
Haoma,Deidad
Hapi,Dios
Hariti,Diosa
Harmonía,Deidad
Harmonía,Diosa
Harpina,Diosa
Harpías,Criatura
Harpócrates,Dios
Harsiesis,Dios
Harsomtus,Dios
Hathor,Diosa
Hati,Criatura
Hatmehyt,Diosa
Hatsadiling,Criatura
Haua,Deidad
Haumea,Deidad
Hayagriva,Deidad
Hayagriva,Dios
He Xiangu,Deidad
He Xiangu,Diosa
Hebe,Diosa
Hebe,Deidad
Hecatérides,Dios
Hecatérides,Diosa
Hecatónquiros,Gigante
Hecátero,Deidad
Hedoné,Deidad
Hefesto,Deidad
Hegir-Nuna,Diosa
Hegir-Nuna,Deidad
Hegémone,Diosa
Heh,Dios
Heimarmene,Deidad
Heimdal,Dios
Heiðrún,Criatura
Heka,Dios
Heket,Diosa
Hela,Diosa
Helblindi,Gigante
Heleades,Diosa
Helhest,Criatura
Helicón,Deidad
Helicón,Dios
Helios,Deidad
Hellhound,Criatura
Helíades,Diosa
Hemah,Criatura
Hemera,Diosa
Hemera,Deidad
Hengeyōkai,Criatura
Hera,Diosa
Heracles,Héroe
Hercinia,Criatura
Herecura,Deidad
Herecura,Diosa
Herensuge,Dragón
Herishef,Dios
Hermafrodito,Deidad
Hermanubis,Dios
Hermes,Deidad
Hermo,Dios
Hermóðr,Dios
Herse,Dios
Herse (hija de Zeus),Diosa
Heruka,Deidad
Hesat,Diosa
Hesperetusa,Diosa
Hesperie,Diosa
Hespérides,Diosa
Hespérides,Deidad
Hestia,Deidad
Hibagon,Criatura
Hibris,Deidad
Hiderigami,Criatura
Hidra de Lerna,Dragón
Hidra de Lerna,Criatura
Hieracoesfinge,Criatura
Higía,Diosa
Hiisi,Criatura
Hijas de Ægir,Gigante
Hijos de Ivaldi,Criatura
Hilas y las ninfas,Diosa
Hilates,Deidad
Hilates,Dios
Hilda (valquiria),Diosa
Hildisvíni,Criatura
Himalia,Diosa
Himeneo,Dios
Hipalectrión,Criatura
Hiperión,Deidad
Hipnos,Dios
Hipnos,Deidad
Hipocampo,Criatura
Hipogrifo,Criatura
Hipólito (gigante),Dios
Hipólito (gigante),Gigante
Hipótoe,Diosa
Hipótoo,Héroe
Hirpace,Diosa
Hiruko,Dios
Hisminas,Deidad
Hisminas,Diosa
Hitodama,Criatura
Hitorigami,Dios
Hitotsume-kozō,Criatura
Hjúki y Bil,Diosa
Hjúki y Bil,Dios
Hlin,Diosa
Hlökk,Diosa
Hnoss,Diosa
Hoderi,Dios
Hoderi,Deidad
Hofvarpnir,Criatura
Homa,Criatura
Hombre Caimán,Criatura
Hombre Escorpión,Criatura
Hombre hiena,Criatura
Hombre lobo,Criatura
Hombre polilla,Criatura
Hombre tigre,Criatura
Hombre-mosquito,Criatura
Homonoia,Diosa
Homonoia,Deidad
Hone-Onna,Criatura
Honos,Dios
Hor-Behedety,Dios
Hora de las brujas,Demonio
Horajti,Dios
Horas,Deidad
Horas,Diosa
Horcos,Deidad
Horme,Deidad
Horme,Diosa
Horus,Dios
Hostilina,Diosa
Hotei,Dios
Hotei,Deidad
Hou Tu,Diosa
Howenh,Dios
Howenh,Deidad
Hraudung,Gigante
Hreidmar,Criatura
Hrungnir,Gigante
Hrym,Gigante
Hræsvelgr,Gigante
Hræsvelgr,Criatura
Hu,Dios
Hu Tianbao,Deidad
Huargo,Criatura
Hubal,Deidad
Huehuecóyotl,Deidad
Huehueteotl,Deidad
Huesos Sangrientos,Criatura
Hugin y Munin,Criatura
Huiracocha,Deidad
Huitaca,Deidad
Huitzilopochtli,Deidad
Huitztlampaehécatl,Deidad
Huldra,Criatura
Huli jing,Criatura
Humbaba,Gigante
Humbaba,Demonio
Humbaba,Deidad
Humbaba,Criatura
Humban,Dios
Hun-Camé,Deidad
Hun-Hunahpú,Deidad
Hunab Ku,Deidad
Hunahpú,Deidad
Huracán,Deidad
Hurí,Criatura
Hyakkai Zukan,Criatura
Hyakki Yagyō,Criatura
Hydros,Deidad
Hymir,Gigante
Hyottoko,Criatura
Hyrrokkin,Gigante
Hábrók,Criatura
Hánuman,Dios
Hécate,Diosa
Hécate,Deidad
Héctor,Héroe
Hélice,Diosa
Hércules,Dios
Héspere,Diosa
Hésperis,Deidad
Hésperis,Diosa
Héspero,Deidad
Híades,Diosa
Hímero,Dios
Höðr,Dios
Hōkō,Criatura
Hœnir,Dios
Iah,Dios
Iaksa,Deidad
Iaksa,Criatura
Iama,Dios
Iama,Deidad
Iamuna (diosa),Diosa
Iamí,Diosa
Iamí,Deidad
Iansán,Deidad
Iashodá,Deidad
Ibeyí,Deidad
Iblís,Demonio
Ictiocentauro,Criatura
Ida,Diosa
Idioma Osha-Ifa,Deidad
Idía,Diosa
Ihy,Dios
Ikaroa,Deidad
Ikaroa,Criatura
Ikú,Deidad
Ilabrat,Deidad
Ilitía,Diosa
Ilitía,Deidad
Illapa,Deidad
Illuyanka,Dragón
Ilmarinen,Dios
Ilmatar,Diosa
Ilurbeda,Deidad
Ilurbeda,Dios
Imbunche,Criatura
Imdugud,Criatura
Imdugud,Demonio
Imhotep,Dios
Inanna,Diosa
Inanna,Deidad
Inari (Japón),Dios
Indra,Dios
Ingunar-Freyr,Deidad
Inkanyamba,Criatura
Inkarri,Deidad
Inle,Deidad
Inmyeonjo,Criatura
Intarabus,Dios
Inti,Deidad
Inugami,Criatura
Irene,Diosa
Irene,Deidad
Iris,Diosa
Iris,Deidad
Irunmoles,Deidad
Ishana,Dios
Ishigaq,Criatura
Ishkur,Deidad
Ishtar,Deidad
Ishtaran,Deidad
Ishum,Deidad
Isimud,Deidad
Isis,Diosa
Ismene,Diosa
Isokelekel,Héroe
Isonade,Criatura
Issie,Criatura
Itlatlauhcatzitzimitl,Demonio
Itsö,Demonio
Itzli,Deidad
Itzpapálotl,Deidad
Itztlacoliuhqui,Deidad
Iunit,Diosa
Ivaldi,Gigante
Iwasaku y Nesaku,Dios
Iwatsutsunoo,Dios
Ixbalanqué,Deidad
Ixchel,Deidad
Ixmukané,Deidad
Ixotecuhtli,Deidad
Ixpuxtequi,Criatura
Ixquic,Deidad
Ixtab,Deidad
Ixtlilton,Deidad
Iyami Oshooronga,Deidad
Izanagi,Dios
Izanami,Diosa
Izquitécatl,Deidad
Iztactzitzimitl,Demonio
Iztacuhquicintéotl,Dios
Iztacuhquicintéotl,Deidad
Iðunn,Diosa
Jabalí de Calidón,Criatura
Jabalí de Erimanto,Criatura
Jackalope,Criatura
Jaganatha,Dios
Jagucio,Deidad
Jaldi,Deidad
Jano,Dios
Janto y Balio,Criatura
Jasón,Héroe
Jauco,Deidad
Jaya y Vijaya,Dios
Jaya y Vijaya,Deidad
Jenny Haniver,Criatura
Jensit,Diosa
Jentiamentiu,Dios
Jentil,Gigante
Jentysehneter,Dios
Jepri,Dios
Jiang Shi,Criatura
Jiang Ziya,Dios
Jiang Ziya,Deidad
Jichi,Criatura
Jikininki,Criatura
Jingwei,Diosa
Jirania Kashipú,Demonio
Jnum,Dios
Jofiel,Criatura
Jonsu,Dios
Jorōgumo,Criatura
Jowangshin,Deidad
Juancaballo,Criatura
Jubokko,Criatura
Jumban,Dios
Jumbee,Demonio
Juno,Diosa
Juno Februata,Diosa
Jurōjin,Dios
Juturna,Diosa
Juventas,Diosa
Jápeto,Deidad
Járnsaxa,Gigante
Jörmundgander,Criatura
Jörð,Diosa
Júpiter,Dios
Júpiter Casio,Dios
Júpiter Doliqueno,Dios
Júpiter Tonante,Dios
K'aux,Héroe
K'aux,Dios
K'aux,Deidad
Ka-Ata-Killa,Diosa
Ka-Ata-Killa,Deidad
Kaal,Dios
Kachpik,Demonio
Kadru,Diosa
Kagutsuchi,Dios
Kairós,Deidad
Kakia,Deidad
Kakia,Diosa
Kalamainu'u,Deidad
Kalaviṅka,Criatura
Kali,Diosa
Kamadeva,Dios
Kamadeva,Deidad
Kamaitachi,Criatura
Kamalátmika,Diosa
Kami,Deidad
Kami-musubi-no-kami,Dios
Kamiyonanayo,Dios
Kamsa,Demonio
Kamui,Dios
Kamui,Deidad
Kanayamahiko y Kanayamahime,Dios
Kannagi,Deidad
Kannagi,Diosa
Kanno,Deidad
Kappa,Criatura
Kapta,Deidad
Kari,Gigante
Karttikeya,Dios
Karuppu Samy,Dios
Karura (folclore),Criatura
Karura (folclore),Dios
Kasogonaga,Deidad
Katiaiani,Diosa
Kaya-no-hime,Dios
Kelpie,Criatura
Keme,Criatura
Keneō,Criatura
Keres,Deidad
Khalkotauroi,Criatura
Khaltesh-Anki,Deidad
Khonvoum,Deidad
Ki (diosa),Deidad
Ki (diosa),Diosa
Kijimuna,Criatura
Kingu,Demonio
Kinich Ahau,Deidad
Kinich Kakmó,Deidad
Kinnara (hinduismo),Demonio
Kipu-tyttö,Diosa
Kiririsha,Diosa
Kirtimukha,Demonio
Kirtimukha,Criatura
Kisar,Diosa
Kisar,Deidad
Kiskill-lilla,Demonio
Kisín,Deidad
Kitsune,Criatura
Kitzihiata,Deidad
Kobalos,Criatura
Kobold,Criatura
Kodama,Criatura
Kojh,Deidad
Kojh,Dios
Kokopelli,Deidad
Kon,Deidad
Kongamato,Criatura
Kongō-Yasha Myō-ō,Deidad
Korikoto,Deidad
Korpokkur,Criatura
Kraken,Criatura
Krampus,Criatura
Kren,Dios
Kren,Deidad
Krishna,Dios
Kuchisake-onna,Criatura
Kuda-gitsune,Criatura
Kuk,Diosa
Kukulkán,Deidad
Kukunochi,Dios
Kumarbi,Deidad
Kumari,Deidad
Kumari,Diosa
Kumbhá Karna,Demonio
Kunitokotachi,Deidad
Kur,Dragón
Kurmá,Dios
Kurukula,Deidad
Kurupí,Criatura
Kushinadahime,Diosa
Kushinadahime,Deidad
Kutkh,Deidad
Kuwazu-nyōbo,Criatura
Kuyén,Deidad
Kvasir,Deidad
Kwányip,Deidad
Kwányip,Dios
Kyūbi no kitsune,Criatura
Káchabuké,Criatura
Kámala,Dios
Kára,Diosa
Kénos,Deidad
Kénos,Dios
Kóoch,Deidad
Kúbera,Dios
La'a Maomao,Deidad
Lada,Deidad
Ladgerda,Diosa
Ladón,Dragón
Ladón,Criatura
Ladón (oceánida),Dios
Laftrache,Criatura
Lagamal,Dios
Lahar,Deidad
Lahmu,Gigante
Lajja Gauri,Diosa
Laksmí,Dios
Lamashtu,Criatura
Lamashtu,Demonio
Lamia,Criatura
Lamia,Demonio
Lammasu,Deidad
Lammasu,Criatura
Lampetia,Deidad
Lampetia,Diosa
Lan Caihe,Deidad
Lara,Diosa
Lares,Dios
Lares Compitales,Dios
Latino (rey),Héroe
Lavandeira,Criatura
Laverna,Dios
Layo,Héroe
Legión (demonio),Demonio
Lelanto,Deidad
Lempo,Dios
Lempo,Criatura
Lenus,Dios
Leones de Fu,Criatura
Leprechaun,Criatura
Les Llavanderes,Criatura
Lestrigones,Gigante
Lestrigones,Criatura
Lete,Diosa
Lete,Deidad
Leto,Diosa
Leto,Deidad
Leuce,Diosa
Leucrota,Criatura
Leucótea,Diosa
Leucótoe,Diosa
Levana,Diosa
Leviatán,Criatura
Leviatán,Demonio
León de Citerón,Criatura
León de Nemea,Criatura
León de las nieves,Criatura
Li Tieguai,Deidad
Liber,Dios
Libera,Diosa
Liberalitas,Diosa
Libertas,Diosa
Libis,Deidad
Libitina,Diosa
Liceas,Diosa
Lilim,Demonio
Lilit,Demonio
Limen,Dios
Limnades,Diosa
Limos,Deidad
Limos,Diosa
Lindworm,Criatura
Lindworm,Dragón
Lino,Deidad
Liríope,Diosa
Lisa,Diosa
Lisa,Deidad
Lisovik,Criatura
Lisítoe,Diosa
Litaí,Diosa
Litaí,Deidad
Litr,Criatura
Litr,Gigante
Llorona,Criatura
Lluhay,Criatura
Loa (vudú),Dios
Loa (vudú),Deidad
Lobisón,Criatura
Lofn,Diosa
Logi,Gigante
Logun Ede,Deidad
Lokapala,Dios
Lokapala,Deidad
Loki,Gigante
Loki,Dios
Lono,Deidad
Los Dioses Gemelos,Deidad
Lotan,Criatura
Lotan,Dragón
Lotis,Diosa
Loucetios,Dios
Louhi,Diosa
Loviatar,Dios
Lucifer,Demonio
Lucifer,Deidad
Lucina,Diosa
Lug,Dios
Lug,Deidad
Lugh,Deidad
Lui-Sin,Deidad
Luki,Dios
Lungta,Deidad
Luperca,Criatura
Luperco,Dios
Luperea,Diosa
Lyngbakr,Criatura
Lytir,Deidad
Lákshmana,Deidad
Lákshmana,Dios
Lámpades,Diosa
Lámpsace,Diosa
Láquesis,Diosa
Láquesis,Deidad
Lélape,Criatura
Lóðurr,Dios
Lü Dongbin,Deidad
Maa,Deidad
Maahes,Dios
Maat,Diosa
Mabon (hijo de Modron),Deidad
Maboya,Demonio
Mac Cecht,Deidad
Mac-Cuill,Deidad
Macaria,Diosa
Macas,Deidad
Macas,Diosa
Macha,Dios
Macha,Deidad
Maclíes,Deidad
Macrosiris,Gigante
Macuilacatl,Dios
Macuilatl,Dios
Macuilcalli,Dios
Macuilcipactli,Dios
Macuilcozcacuauhtli,Dios
Macuilcuautli,Dios
Macuilcuetzpalin,Dios
Macuilcóatl,Dios
Macuilehécatl,Dios
Macuilitzcuintli,Dios
Macuilmalinalli,Dios
Macuilmazatl,Dios
Macuilmiquiztli,Dios
Macuilocelotl,Dios
Macuilolin,Dios
Macuilozomatli,Dios
Macuilquiahuitl,Dios
Macuiltochtli,Dios
Macuiltochtli,Deidad
Macuiltochtli (centzon totochtin),Deidad
Macuiltonaleque,Deidad
Macuiltonaleque,Criatura
Macuiltécpatl,Dios
Macuilxóchitl,Dios
Madre de aguas,Criatura
Madres de Heimdall,Gigante
Maeve,Dios
Mafdet,Diosa
Magec,Deidad
Magna Mater,Diosa
Mahakala (Dharmapala),Deidad
Mahavisnú,Dios
Mahina,Deidad
Maia Asura,Demonio
Mairu,Gigante
Majishá,Demonio
Majá (hinduismo),Dios
Majá Vidiá,Diosa
Makara,Criatura
Make-Make,Deidad
Makemba,Deidad
Makeur Siau,Deidad
Malac,Dios
Malakbel,Deidad
Malakbel,Dios
Malakh,Criatura
Malgven,Diosa
Mallku,Deidad
Mama Cocha,Diosa
Mama Nina,Diosa
Mama Quilla,Diosa
Mama Sara,Deidad
Maman Brigitte,Dios
Mami Wata,Dios
Mamlambo,Criatura
Mammón,Demonio
Mana Genita,Diosa
Manaf,Dios
Manana Take,Deidad
Manannán mac Lir,Deidad
Manasá (diosa hinduista),Diosa
Manat,Deidad
Mandao,Criatura
Mandinga,Demonio
Mandulis,Dios
Manes,Dios
Manitu,Deidad
Mantícora,Criatura
Manías,Diosa
Manías,Deidad
Mapinguarí,Criatura
Mara (budismo),Demonio
Maratón (hijo de Epopeo),Héroe
Marduk,Deidad
Mari (diosa),Diosa
Marica (ninfa),Diosa
Maricha,Demonio
Marishi-Ten,Diosa
Maristino,Dios
Marna,Deidad
Marraco,Dragón
Marsias,Criatura
Marte,Dios
Martinico,Criatura
Marut,Dios
María Lionza,Deidad
Marón,Dios
Mastema,Criatura
Matariki,Deidad
Matariswan,Dios
Matlalcueye,Deidad
Matrikas,Diosa
Matronae,Diosa
Matsia,Dios
Matsu,Diosa
Matuta,Diosa
Mavka,Criatura
Maya,Diosa
Maya (ilusión),Dios
Mayura,Criatura
Mayáhuel,Deidad
Mazzikin,Criatura
Mazzikin,Demonio
Mbaba Mwana Waresa,Deidad
Mbielu-Mbielu-Mbielu,Criatura
Meandro,Dios
Medb,Deidad
Meditrina,Dios
Medusa,Criatura
Mefitis,Diosa
Megera,Diosa
Megera,Deidad
Meges,Héroe
Mehen,Dios
Meheturet,Diosa
Mehit,Diosa
Meili,Dios
Melanipa (ninfa),Diosa
Melek Taus,Deidad
Melena,Diosa
Meletea,Diosa
Melia,Diosa
Melibea (oceánide),Diosa
Melicertes,Dios
Meliteo,Héroe
Melkart,Dios
Mellizos divinos,Deidad
Mellona,Diosa
Melpómene,Diosa
Meltí ?ipá jalá(u),Deidad
Melíade,Diosa
Melínoe,Diosa
Melínoe,Deidad
Memnón,Héroe
Men,Dios
Men,Deidad
Menae,Diosa
Menecio (hijo de Jápeto),Deidad
Menelao,Héroe
Meng Po,Diosa
Menhit,Diosa
Menhit,Dios
Mente,Diosa
Mercurio,Dios
Meret,Diosa
Meretseger,Diosa
Mese,Diosa
Mesjenet,Diosa
Mespusepef,Dios
Metatrón,Criatura
Mete,Deidad
Mete,Diosa
Metis,Diosa
Metis,Deidad
Metztli,Deidad
Mezulla,Deidad
Miach,Deidad
Miccapetlacalli,Deidad
Michapú,Deidad
Mictecacíhuatl,Deidad
Mictlanpachécatl,Deidad
Mictlantecuhtli,Deidad
Midea,Diosa
Midir,Deidad
Mielikki,Diosa
Mielikki,Dios
Milda,Deidad
Miliquio,Dios
Millalicán,Héroe
Millalobo,Deidad
Millalobo,Criatura
Mimas,Gigante
Min,Dios
Minakshi,Dios
Minerva,Diosa
Minokawa,Criatura
Minotauro,Criatura
Miringua,Criatura
Mitra (dios indio),Dios
Mitra (dios persa),Deidad
Mitra (dios romano),Dios
Mixcóatl,Deidad
Mnemea,Diosa
Mnemósine,Deidad
Mnemósine,Diosa
Mnevis,Dios
Mo (zoología china),Criatura
Mochuelo de Atenea,Criatura
Modgud,Gigante
Modron,Deidad
Mogwai (cultura china),Criatura
Mohinī,Diosa
Mohán,Criatura
Moiras,Diosa
Moiras,Deidad
Moisés,Héroe
Mokèlé-mbèmbé,Criatura
Moloch,Deidad
Moloch,Dios
Momo,Deidad
Momo,Dios
Momotxorro,Criatura
Mona (leyenda),Criatura
Moneta,Diosa
Monje del Mar,Criatura
Monocerus,Criatura
Monopodo,Criatura
Monstruo del Lago Tianchi,Criatura
Monstruo del lago Ness,Criatura
Montu,Dios
Monuca,Criatura
Moo tancaz,Criatura
Morfeo,Deidad
Morfeo,Dios
Mormo,Deidad
Moro,Deidad
Moro,Dios
Morrigan,Diosa
Morrigan,Deidad
Mors,Dios
Morta,Diosa
Mot (dios semítico),Deidad
Moura,Criatura
Mouro,Criatura
Moñái,Dragón
Moñái,Criatura
Mu Guiying,Diosa
Muchilinda,Criatura
Muladona,Criatura
Mulzencab,Deidad
Mummu,Deidad
Mundilfari,Dios
Munkar y Nakir,Criatura
Munshin,Deidad
Muqui,Criatura
Murcia,Diosa
Musa,Diosa
Musdamma,Deidad
Mut,Diosa
Mutuno Tutuno,Dios
Mušḫuššu,Dragón
Mušḫuššu,Criatura
Máni,Dios
Mélite (náyade),Diosa
Ménades,Diosa
Ménaka (diosa),Diosa
Mérope (Helíade),Diosa
Mérope (Helíade),Dios
Mérope (Pléyade),Diosa
Mérope (oceánide),Diosa
Métope,Diosa
Mímir,Gigante
Mímir,Dios
Mónada (filosofía),Deidad
Mónada (gnosticismo),Deidad
Mótsognir,Criatura
Móði y Magni,Dios
Naamá (demonio),Criatura
Naamá (demonio),Demonio
Nabu,Deidad
Naga,Criatura
Naga,Deidad
Nahual,Criatura
Nahuelito,Criatura
Nairatmya,Diosa
Nala,Demonio
Namaitamí,Deidad
Namazu,Dios
Namazu,Criatura
Nammu,Deidad
Nammá,Demonio
Namtar,Deidad
Nana,Diosa
Nanahuatzin,Deidad
Nanaya,Deidad
Nanaya,Diosa
Nandi,Dios
Nandini (diosa),Diosa
Nandini (diosa),Dios
Nanna,Diosa
Nanshe,Deidad
Nantosuelta,Diosa
Nanán Baruqué,Deidad
Nanán Baruqué,Dios
Napea,Diosa
Nappateuctli,Deidad
Nara Naráiana,Dios
Narfi,Gigante
Nasreddin,Héroe
Nausítoo,Héroe
Navadurgā,Diosa
Navagunjara,Criatura
Navia,Deidad
Necis,Deidad
Neda,Diosa
Nefertum,Dios
Nefilim,Demonio
Nefilim,Gigante
Neftis,Diosa
Nehalennia,Diosa
Nehalennia,Deidad
Nehebkau,Dios
Neikea,Deidad
Neit,Diosa
Nejbet,Diosa
Nekomata,Criatura
Nekomusume,Criatura
Nemain,Deidad
Nemty,Dios
Nenia,Diosa
Neper,Dios
Neper,Deidad
Nepit,Diosa
Nepr,Dios
Neptuno,Dios
Nereidas,Diosa
Nereo,Dios
Nergal,Deidad
Nergal,Demonio
Nerio,Deidad
Nerites,Dios
Nerites,Deidad
Nerthus,Dios
Nerthus,Deidad
Neso,Criatura
Neso,Dios
Nesoi,Diosa
Nete,Diosa
Netón,Deidad
Nezha,Dios
Nezha,Deidad
Nga,Deidad
Ngai,Deidad
Ngenechén,Deidad
Nhialac,Deidad
Niamh,Deidad
Nian,Criatura
Nibiru (planeta),Deidad
Nicea,Diosa
Nictimene,Criatura
Nike,Diosa
Nike,Deidad
Nikkal,Diosa
Nikriti,Diosa
Nikriti,Demonio
Nilo,Dios
Nin (Sumeria),Deidad
Ninazu,Deidad
Nindaranna,Deidad
Ninfas dafneas,Diosa
Ninfas de Hiperbórea,Diosa
Ninfeo,Diosa
Ningal,Deidad
Ningikuga,Deidad
Ningizzida,Deidad
Ningyo,Criatura
Ninhursag,Deidad
Ninildu,Deidad
Ninimma,Diosa
Ninkasi,Deidad
Ninkautu,Deidad
Ninkur,Deidad
Ninlil,Deidad
Ninsar,Deidad
Ninshubur,Diosa
Ninsikila,Deidad
Ninsuna,Deidad
Ninti,Deidad
Nintu,Deidad
Nintulla,Deidad
Ninurta,Deidad
Nisa,Diosa
Nisaba,Deidad
Nisroch,Demonio
Nisroch,Deidad
Nisíades,Diosa
Nix,Deidad
Nix,Diosa
Nixe,Criatura
Niños Huracanes,Deidad
Niños de ojos negros,Criatura
Niō,Dios
Njörðr,Deidad
Nodens,Dios
Nomos,Deidad
Nona,Diosa
Noppera-bō,Criatura
"Norðri, Suðri, Austri y Vestri",Criatura
Nosjthej,Gigante
Nosjthej,Héroe
Noto,Deidad
Notos,Deidad
Nuada,Deidad
Nuberu,Criatura
Nue,Criatura
Nueve Dragones (pintura),Dragón
Nueve Viento,Deidad
Nueve hijos del Rey Dragón,Dragón
Nueve-Hierba,Deidad
Nulgupjishin,Deidad
Num-Torum,Deidad
Nun,Deidad
Nun,Dios
Nundina,Diosa
Nunet,Diosa
Nuppeppō,Criatura
Nurarihyon,Criatura
Nusku,Deidad
Nut,Diosa
Nyctereutes procyonoides,Criatura
Nyyrikki,Dios
Náucrate,Deidad
Náyade,Diosa
Náyade,Deidad
Néfele,Diosa
Néfeles,Diosa
Némesis,Diosa
Némesis,Deidad
Níriti,Demonio
Níriti,Dios
Níðhöggr,Criatura
Nótt,Gigante
Nüwa,Deidad
Nüwa,Diosa
Nýi y Niði,Criatura
O Tengu,Criatura
Obake,Criatura
Obatalá,Deidad
Obbá,Deidad
Ocasión,Dios
Océano,Deidad
Océano,Dios
Ocípete (harpía),Criatura
Ocírroe (hija de Imbraso),Diosa
Ocírroe (oceánide),Diosa
Odiseo,Héroe
Odrub,Deidad
Oduduwa,Deidad
Odín,Dios
Ofanim,Criatura
Ofiotauro,Criatura
Ofión,Deidad
Oggun,Deidad
Oggun,Dios
Ogma,Deidad
Ogmios,Deidad
Ogmios,Dios
Ogopogo,Criatura
Oiá,Deidad
Ojo de Ra,Diosa
Ojáncana,Criatura
Ojáncanu,Criatura
Okuboro,Deidad
Olapa,Deidad
Olifat,Deidad
Olodumare,Deidad
Olofin,Deidad
Olokun,Deidad
Olorun,Deidad
Olosa,Deidad
Olvaldi,Gigante
Olóbasá,Deidad
Ometochtli,Deidad
Ometéotl,Deidad
Ondina,Criatura
Ondina,Diosa
Oni (folclore japonés),Criatura
Onibaba,Criatura
Oniros,Deidad
Onocentauro,Criatura
Onuris,Dios
Opochtli,Deidad
Ops,Diosa
Orang Pendek,Criatura
Orbona,Diosa
Orcus,Dios
Orisha oko,Deidad
Orión,Gigante
Ornia,Diosa
Orséis,Diosa
Ortro,Criatura
Orun,Deidad
Orungán,Deidad
Orunmila,Deidad
Oréades,Diosa
Osa de Ándara,Criatura
Oshosi,Deidad
Oshun,Deidad
Oshunmare,Deidad
Osiris,Dios
Ossaín,Deidad
Ostara,Dios
Osun,Deidad
Otreide,Diosa
Otreide,Deidad
Ourea,Deidad
Ouédraogo,Criatura
Oxomoco,Deidad
Oya (orisha),Deidad
Oéroe,Diosa
Pachacámac,Deidad
Pachamama,Deidad
Padmasambhava,Deidad
Pahtécatl,Deidad
Painal,Deidad
Pajet,Diosa
Palamedes,Héroe
Palas (Titán),Deidad
Palas (hija de Tritón),Diosa
Pales,Diosa
Palicos,Deidad
Palicos,Dios
Palioxis,Deidad
Palioxis,Diosa
Palmoni,Criatura
Pan,Dios
Pan,Deidad
Pan,Criatura
Pana,Diosa
Panacea,Diosa
Pandía,Diosa
Pangu,Deidad
Pantera acuática,Criatura
Papa Legba,Dios
Papahānaumoku,Deidad
Papsukkal,Deidad
Papáztac,Deidad
Parcas,Deidad
Paredra,Deidad
Pargani,Deidad
Pariacaca,Deidad
Parnaso,Héroe
Partaón (hijo de Perifetes),Héroe
Parténope,Criatura
Parvati,Diosa
Paryania,Dios
Paryania,Deidad
Pascual Abaj,Deidad
Pasittu,Demonio
Pasupati,Dios
Pasífae,Diosa
Pasítea,Criatura
Patragali,Dios
Patroclo,Héroe
Patrones de la Guerra,Deidad
Patrones de los Viajeros,Deidad
Pax,Diosa
Pazuzu,Demonio
Pañcika,Deidad
Pefredo,Diosa
Peg Powler,Criatura
Pegaso,Criatura
Pegeas,Diosa
Peitarquía,Diosa
Peitarquía,Deidad
Peito (hija de Afrodita),Diosa
Peito (hija de Afrodita),Deidad
Peito (oceánide),Diosa
Pele,Deidad
Peleo,Héroe
Pelina,Deidad
Peluda (folclore),Dragón
Peluda (folclore),Criatura
Penates,Dios
Peneo,Dios
Peng,Criatura
Penia,Deidad
Penia,Diosa
Penino,Deidad
Pentos,Deidad
Pepromene,Deidad
Perchta,Dios
Peri,Deidad
Peribea (náyade),Diosa
Perimélides,Diosa
Perkele,Dios
Perkūnas,Deidad
Perro de Urco,Criatura
Perro negro (fantasma),Criatura
Perros en el folclore y la mitología mesoamericano,Criatura
Perros en la mitología chin,Criatura
Perseis,Diosa
Perseo,Héroe
Perses,Deidad
Perséfone,Deidad
Perséfone,Diosa
Pertunda,Diosa
Perún,Deidad
Pesadiellu,Criatura
Pesanta,Criatura
Peón (hijo de Poseidón),Gigante
Phaya Naga,Criatura
Phra Mae Thorani,Deidad
Physis,Deidad
Piasa,Criatura
Pico,Dios
Pie Grande,Criatura
Piltzintecuhtli,Deidad
Pincoy,Criatura
Pincoya,Deidad
Pirene (náyade),Diosa
Piruquina,Criatura
Pirítoo,Héroe
Pisacha,Demonio
Pishtako,Demonio
Pistis,Diosa
Pistis,Deidad
Pitis,Diosa
Pitón,Criatura
Piuchén,Criatura
Pixiu,Dragón
Pixiu,Criatura
Platea,Diosa
Pluto,Deidad
Pluto (oceánide),Diosa
Plutón,Dios
Pléyone,Diosa
Podarge,Criatura
Poena,Diosa
Poine,Deidad
Poine,Diosa
Polideuco,Héroe
Polidoro (hijo de Príamo),Héroe
Polifemo,Gigante
Polimnia,Diosa
Polites (hijo de Príamo),Héroe
Polixo (náyade),Diosa
Pomba Gira,Deidad
Pombero,Criatura
Pomona,Diosa
Ponos,Deidad
Pontianak (folclore),Criatura
Ponto,Deidad
Ponto,Dios
Pontán,Deidad
Porfirión,Héroe
Porfirión,Gigante
Poro,Dios
Poro,Deidad
Portumno,Dios
Poseidón,Dios
Poto,Deidad
Potámides,Deidad
Potámides,Criatura
Potámides,Diosa
Pradiumna,Dios
Prajnaparamita,Diosa
Praxitea (hija de Frásimo),Diosa
Prayápati,Dios
Preta,Criatura
Pritiví,Diosa
Proioxis,Deidad
Proioxis,Diosa
Prometeo,Deidad
Pronea,Diosa
Proserpina,Diosa
Proteo,Dios
Príamo,Héroe
Príapo,Deidad
Prónoe (Licia),Diosa
Pseudologos,Deidad
Psique,Diosa
Psique,Deidad
Ptah,Dios
Ptokenia,Diosa
Ptokenia,Deidad
Ptono,Deidad
Puck,Criatura
Pueblo yoruba,Deidad
Pugu,Deidad
Pulgasari,Criatura
Puloman,Demonio
Purushottama,Deidad
Purushottama,Dios
Pushán,Dios
Putana (giganta),Gigante
Putana (giganta),Demonio
Pájaro de fuego (folclore eslavo),Criatura
Pájaro diablo,Criatura
Pólemo,Deidad
Pólife,Diosa
Pólux,Héroe
Púrusha,Dios
Qadesh,Dios
Qadesh,Diosa
Qasavara,Deidad
Qebehsenuf,Dios
Qebehut,Diosa
Qilin,Criatura
Qilin,Dragón
Qos,Dios
Quelona,Diosa
Quemos,Deidad
Querubín,Criatura
Querubín caído del Edén,Criatura
Quetzalcóatl,Deidad
Quetzalcóatl,Dragón
Quimbanda,Deidad
Quimera,Criatura
Quinametzin,Gigante
Quirino,Dios
Quiritis,Deidad
Quirón,Criatura
Quzah,Dios
Quíone (hija de Bóreas),Diosa
Ra,Dios
Ra-Horajty,Dios
Radha,Diosa
Rahab (demonio),Criatura
Rahab (demonio),Demonio
Raijin,Dios
Raiju,Criatura
Raiquén,Criatura
Raju (demonio),Demonio
Raju (demonio),Deidad
Rama,Dios
Rambha (diosa),Diosa
Ramidreju,Criatura
Ran,Gigante
Ranganatha,Dios
Rangi y Papa,Deidad
Ratatösk,Criatura
Rati (diosa),Deidad
Rati (diosa),Diosa
Ratoncito Pérez,Criatura
Rattaui,Diosa
Ratumaibulu,Deidad
Ravana,Demonio
Raziel,Criatura
Re'em,Criatura
Rea,Diosa
Rea,Deidad
Regin,Criatura
Reino de los Deva,Deidad
Reitia,Diosa
Renenutet,Diosa
Renpet,Diosa
Renuka,Diosa
Repit,Diosa
Resef,Deidad
Reshef,Dios
Reso,Héroe
Rey Can,Criatura
Rey Dragón,Dragón
Rey Dragón,Deidad
Rey Dragón,Dios
Reyes de la Sabiduría,Deidad
Rhiannon,Deidad
Rhiannon,Diosa
Ribhu,Dios
Rilaj Maam,Deidad
Rind,Gigante
Robigus,Diosa
Rodea,Diosa
Rodo,Diosa
Rokurokubi,Criatura
Roma,Diosa
Rosmerta,Diosa
Rougarou,Criatura
Ruc,Criatura
Rudras,Deidad
Rudras,Dios
Rumina,Diosa
Rusalka,Criatura
Rusina,Diosa
Ryūjin,Criatura
Ráksasa,Demonio
Ráksasa,Deidad
Ríg,Dios
Río Cefiso (Beocia),Dios
Río Estrimón,Dios
Río Sarasvati,Deidad
Róta,Diosa
Sabacio,Dios
Saga,Diosa
Sagarítide,Diosa
Sah,Dios
Sakabiali,Deidad
Sakpata,Deidad
Sakra,Dios
Sakra,Deidad
Sakti,Diosa
Salamandra,Criatura
Salamina,Dios
Salmacis,Deidad
Salmacis,Diosa
Salmón de la Sabiduría,Criatura
Samael,Demonio
Samael,Criatura
Samantabhadra,Deidad
Samsin Halmoni,Deidad
San La Muerte,Demonio
San La Muerte,Deidad
San Martinico,Deidad
Sandalfón,Criatura
Sandraudiga,Dios
Sangario,Dios
Sankai,Criatura
Santa Muerte,Demonio
Saramá,Criatura
Saranik,Deidad
Saraniú,Diosa
Sarasvati,Diosa
Sariafing,Demonio
Sariel,Criatura
Sarpanitu,Deidad
Sarpedón,Héroe
Satanás,Demonio
Satet,Diosa
Satiá Bhama,Diosa
Satori (folclore),Criatura
Saturno,Dios
Satí (diosa),Diosa
Saumanasá,Criatura
Saxnot,Dios
Screaming skull,Criatura
Sebaot,Deidad
Secuana,Diosa
Securitas,Diosa
Sedna,Diosa
Sedyem,Dios
Seiryū,Criatura
Seiryū,Dragón
Sejmet,Diosa
Selardi,Deidad
Selene,Diosa
Selene,Deidad
Selkie,Criatura
Semia,Diosa
Semidiós,Deidad
Semyazza,Criatura
Seonangshin,Deidad
Serafín,Criatura
Serapis,Dios
Serket,Diosa
Serpiente Arco Iris,Criatura
Serpiente bicéfala,Criatura
Serpiente cola negra (criatura fantástica maya),Criatura
Serpiente de la Visión,Criatura
Serpopardo,Criatura
Seshat,Diosa
Set-animal (jeroglífico),Criatura
Seth,Dios
Señor Sol,Deidad
Señores de Xibalbá,Deidad
Shachihoko,Criatura
Shaitán,Demonio
Shala,Deidad
Shalim,Dios
Shalim,Deidad
Shalágrama shilá,Dios
Shamash,Deidad
Shangdi,Deidad
Shani,Dios
Shara,Deidad
Sharabha,Dios
Shed,Dios
Shedim,Demonio
Shemsu Hor,Criatura
Shenlong,Dragón
Shenrr,Deidad
Shenrr,Dios
Shesha,Dios
Shikigami,Criatura
Shikigami,Deidad
Shikome,Criatura
Shinatsuhiko,Dios
Shinigami,Dios
Shirime,Criatura
Shisa,Criatura
Shitalá,Diosa
Shiva,Dios
Shtozote,Criatura
Shtriga,Criatura
Shu,Dios
Shulmanu,Dios
Shulmanu,Deidad
Shulákama,Deidad
Shunfeng'er,Dios
Shunfeng'er,Deidad
Shuten-dōji,Criatura
Sia,Dios
Sibú,Deidad
Sición,Héroe
Sidehill gouger,Criatura
Siete Dioses de la Fortuna,Dios
Sif,Diosa
Sigfrido,Héroe
Signo del dragón,Dragón
Sigrdrífa,Diosa
Sigrún,Diosa
Siguanaba,Criatura
Siguanaba,Demonio
Sigyn,Diosa
Sileno,Deidad
Sileno,Dios
Sileno,Criatura
Silvano,Dios
Simhamukha,Diosa
Simurg,Criatura
Sin,Deidad
Sindri,Criatura
Sinivalí,Diosa
Sinope,Dios
Sinthgunt,Dios
Sirena,Diosa
Sirena,Criatura
Sirena chilota,Criatura
Sirenuca,Criatura
Sirin,Criatura
Siringa,Diosa
Sirio,Criatura
Sirona,Diosa
Sita,Diosa
Sita,Deidad
Sjöfn,Diosa
Skaði,Gigante
Skin-walker,Criatura
Skinfaxi y Hrímfaxi,Criatura
Skotos,Deidad
Skuld (Norna),Diosa
Skögul,Diosa
Sköll,Criatura
Sleipnir,Criatura
Sluagh,Criatura
Smertrios,Dios
Snotra,Diosa
Snær,Gigante
Sobek,Dios
Socar,Dios
Sofrosina,Deidad
Sol,Dios
Sol Invictus,Deidad
Somtus,Dios
Sopdu,Dios
Sorano,Dios
Soroban-bōzu,Criatura
Sosamshin,Deidad
Soslán,Deidad
Soter,Deidad
Soteria,Diosa
Soteria,Deidad
Sotis,Diosa
Spes,Diosa
Sri,Dios
Starkad,Gigante
Stimula,Diosa
Subhadrá,Diosa
Sucellos,Deidad
Sucellos,Dios
Sufax,Héroe
Sugaar,Deidad
Sugaar,Dragón
Suijin,Criatura
Suiko,Criatura
Suiren,Deidad
Sukra,Demonio
Sukra,Dios
Suleviae,Diosa
Sulis (diosa),Diosa
Sulis (diosa),Deidad
Sulá,Deidad
Sulára,Deidad
Sumiciu,Criatura
Summanus,Dios
Sumpall,Criatura
Sun Wukong,Deidad
Sunakake-baba,Criatura
Supay,Demonio
Surabhi,Diosa
Suria,Dios
Surt,Gigante
Surya Bai,Diosa
Susanoo,Dios
Susuwatari,Criatura
Suttung,Gigante
Suur Tõll,Héroe
Suur Tõll,Gigante
Suzaku,Criatura
Svaha,Diosa
Svanhvít,Diosa
Svarog,Deidad
Svaðilfari,Criatura
Svetovid,Deidad
Sváva,Diosa
Svåsi Asathorsson,Gigante
Swaminarayan,Dios
Syn,Diosa
Sárdula,Demonio
Sárdula,Criatura
Sátiro,Criatura
Sæhrimnir,Criatura
Sémele,Diosa
Sérike,Deidad
Sílfide,Criatura
Sòrburu,Demonio
Sól,Dios
Sól,Diosa
Sórkura,Demonio
Súcubo,Demonio
Súcubo,Criatura
Sādhya,Dios
Taaut,Dios
Tages,Deidad
Tait,Diosa
Taka-Onna,Criatura
Takami-musubi-no-kami,Dios
Takemikazuchi,Dios
Takeminakata,Dios
Talasa,Deidad
Talasa,Diosa
Talia (Cárite),Diosa
Talo,Deidad
Talo,Diosa
Talos,Gigante
Talos,Criatura
Talá Yekela,Deidad
Talía,Deidad
Talía,Diosa
Talía (hija de Hefesto),Diosa
Tammuz,Deidad
Tangaloa,Deidad
Tanit,Deidad
Tanit,Dios
Tanngnjóstr y Tanngrisnir,Criatura
Taotie,Criatura
Tapio,Dios
Tara (budismo),Deidad
Tara (hinduismo),Diosa
Taranis,Dios
Tarasca (criatura mitológica),Criatura
Tarasca (criatura mitológica),Dragón
Taraxipo,Criatura
Tardo,Criatura
Tarksia,Dios
Tartalo,Gigante
Tasmetu,Deidad
Tata Duende,Criatura
Tatehuari,Deidad
Tatenen,Dios
Tatzelwurm,Dragón
Tatzelwurm,Criatura
Taumante,Criatura
Taumante,Dios
Taumante,Deidad
Tea,Diosa
Tea,Deidad
Teatlahuiani,Deidad
Tecciztécatl,Deidad
Tecmor,Deidad
Tefnut,Diosa
Teka-her,Criatura
Teke Teke,Criatura
Telefasa,Diosa
Telesforo,Deidad
Telete,Deidad
Tellervo,Dios
Tellus,Diosa
Telquines,Criatura
Temis,Deidad
Temis,Diosa
Tempilcahue,Deidad
Temáukel,Dios
Temáukel,Deidad
Tengri,Deidad
Tengu,Criatura
Tenome,Criatura
Tentiruju,Criatura
Teojushin,Deidad
Teomaquia,Deidad
Teomaquia,Dios
Tepeyóllotl,Deidad
Tepoztécatl,Deidad
Tequechmecaniani,Deidad
Terafín,Deidad
Teriocéfalo,Criatura
Terpsícore,Diosa
Teseo,Héroe
Teshub,Deidad
Tesso,Criatura
Tethra,Deidad
Tethra,Dios
Tetis (nereida),Diosa
Tetis (titánide),Diosa
Tetis (titánide),Deidad
Teucro (héroe),Héroe
Teutates,Dios
Teyú Yaguá,Dragón
Tezcatlipoca,Deidad
Tezcatlipocas,Deidad
Tezcatzóncatl,Deidad
Tharapita,Deidad
Thesis,Deidad
Thor,Dios
Thot (dios egipcio),Dios
Tiamat,Deidad
Tiamat,Diosa
Tian,Dios
Tian,Deidad
Tiangou,Criatura
Tianlong,Dragón
Tianquiztli (dioses),Deidad
Tiasa,Diosa
Tibicenas,Criatura
Tibicenas,Demonio
Ticio,Gigante
Tifón,Deidad
Tifón,Gigante
Timingila,Criatura
Timor,Dios
Tique,Deidad
Tique,Diosa
Tisífone (erinia),Diosa
Tisífone (erinia),Deidad
Titán (titán),Deidad
Tišpak,Deidad
Tlacotzontli,Deidad
Tlahuelpuchi,Criatura
Tlahuizcalpantecuhtli,Deidad
Tlaltecayohua,Deidad
Tlaltecuhtli,Deidad
Tlanchana,Criatura
Tlatlauhquicintéotl,Deidad
Tlatlauhquicintéotl,Dios
Tlazoltéotl,Deidad
Tlilhua,Deidad
Tloque Nahuaque,Deidad
Tláloc,Deidad
Tlálocayotl,Deidad
Tocih,Deidad
Tohil,Deidad
Toko'yoto,Deidad
Toltécatl,Deidad
Tomam,Deidad
Tomiyauh,Deidad
Tomiyauhtecuhtli,Deidad
Tonacacíhuatl,Deidad
Tonacatecuhtli,Deidad
Tonal,Criatura
Tonalteteuctin,Deidad
Tonantzin,Deidad
Tonatiuh,Deidad
Toosa,Diosa
Toro de Creta,Criatura
Toyo-kumo-no-no-kami,Dios
Toyotama-hime,Diosa
Toyouke Ōmikami,Diosa
Trasgo,Criatura
Trasno,Criatura
Traso,Deidad
Trastolillu,Criatura
Trauco,Criatura
Trehuaco (leyenda),Criatura
Treinta y tres dioses,Dios
Trempulcahue,Deidad
Trenti,Criatura
Trentren Vilu y Caicai Vilu,Dragón
Trentren Vilu y Caicai Vilu,Criatura
Trimurti,Dios
Triptólemo,Héroe
Triteia,Deidad
Tritón,Dios
Tritón,Criatura
Trivia,Diosa
Trjegul,Criatura
Trofonio,Deidad
Troilo,Héroe
Trol,Criatura
Trámbelo,Héroe
Tríada capitolina,Dios
Tríada tebana,Dios
Tríada tebana,Deidad
Trías,Diosa
Tríshiras,Criatura
Trülke wekufe,Criatura
Tsuchinoko,Criatura
Tsukumogami,Criatura
Tsukuyomi,Dios
Tuastri,Dios
Tuastri,Deidad
Tucumbalam,Criatura
Tueris,Diosa
Tuireann,Deidad
Tuisto,Dios
Tukik,Deidad
Tulasí,Diosa
Tulevieja,Criatura
Tunda,Criatura
Tunupa,Deidad
Tuonetar,Dios
Tuoni,Dios
Tupilaq,Criatura
Tupã,Deidad
Turul,Criatura
Tutela (diosa),Diosa
Tutu (dios egipcio),Dios
Tuulikki,Dios
Tuya,Diosa
Tyr,Dios
Tzapotlatena,Deidad
Tzitzimime,Demonio
Tzitzimime,Criatura
Tzitzimime,Deidad
Táigete,Diosa
Tánatos,Deidad
Tártaro,Deidad
Técpatl,Criatura
Téotl,Deidad
Término,Dios
Tío Pachamama,Deidad
U-hiji-ni y Su-hiji-ni,Dios
Uadyet,Diosa
Uanna,Criatura
Uay,Criatura
Uay chivo,Criatura
Ubume,Criatura
Uchaisravas,Criatura
Ugayafukiaezu,Dios
Uke Mochi,Deidad
Uke Mochi,Diosa
Ukko,Dios
Ulguen,Deidad
Ull,Dios
Umai,Deidad
Umvelinqangi,Deidad
Ungnyeo,Criatura
Ungnyeo,Deidad
Unidad periférica de Evros,Dios
Unkulunkulu,Deidad
Unty,Dios
Unut,Diosa
Uoke,Deidad
Upuaut,Dios
Urania,Diosa
Urano,Deidad
Uras,Deidad
Urethekau,Diosa
Uriel,Criatura
Urvashí,Diosa
Urð,Diosa
Uróboros,Criatura
Usert,Diosa
Ushi-oni,Deidad
Ushi-oni,Criatura
Ushás,Diosa
Uttu,Diosa
Uttu,Deidad
Utukku,Demonio
Uwan,Criatura
Vaca marina chilota,Criatura
Vach,Diosa
Vacuna,Diosa
Vaelico,Deidad
Vaelico,Dios
Vafþrúðnir,Gigante
Vaisravana,Deidad
Vaisravana,Dios
Vaiu,Dios
Vajrapani,Deidad
Vajrayoguini,Diosa
Vala (demonio),Demonio
Vali (hijo de Odín),Dios
Valquiria,Diosa
Vammatar,Diosa
Vanhird,Criatura
Vanir,Deidad
Var,Diosa
Varaja,Dios
Vasu,Deidad
Ve,Dios
Veborg,Diosa
Veela,Criatura
Veles,Deidad
Venus,Diosa
Venus de Tacarigua,Deidad
Veraudunus,Dios
Verbeia,Diosa
Vertumno,Dios
Verðandi,Diosa
Vesta,Diosa
Vetala,Criatura
Vetala,Demonio
Veteris,Dios
Veðrfölnir,Criatura
Victoria,Diosa
Vid'ma,Criatura
Vili,Dios
Vilpoñi,Criatura
Virabhadra,Dios
Virbio,Dios
Virtus,Dios
Vishnu,Dios
Vishua Karma,Dios
Visuadevas,Dios
Visucius,Dios
Vodianoi,Criatura
Vodník,Criatura
Vohu Manah,Deidad
Voladora,Criatura
Volumna,Diosa
Voluptas,Diosa
Vosego,Dios
Vritrá,Dragón
Vritrá,Demonio
Vucub Caquix,Deidad
Vucub-Camé,Deidad
Vulcano,Dios
Vulturno,Dios
Vádaba,Diosa
Vádaba,Deidad
Vájana,Deidad
Váli (hijo de Loki),Gigante
Váruna,Dios
Väinämöinen,Dios
Vættir,Criatura
Véjove,Dios
Víðópnir,Criatura
Vör,Diosa
Vörðr,Criatura
Wadd,Deidad
Wadj-wer,Dios
Wangulén,Deidad
Watatsumi,Dios
Watauinewa,Deidad
Wehta,Dios
Wekufe,Demonio
Wendigo,Criatura
Weneg (dios egipcio),Dios
Weothulgeot,Dios
Willi,Deidad
Willi,Criatura
Willkamayu,Deidad
Winta,Dios
Wintek,Deidad
Wirapuru,Criatura
Wisakedjak,Deidad
Witte Wieven,Criatura
Wsegdseg,Dios
Xalpen,Deidad
Xalpen,Dios
Xana,Criatura
Xargi,Deidad
Xcacau,Deidad
Xecotcovach,Criatura
Xelhua,Gigante
Xiang Yao,Deidad
Xiang Yao,Criatura
Xicalcóatl,Criatura
Xicallancatl,Gigante
Xiezhi,Criatura
Xipe Tótec,Deidad
Xiquiripat,Deidad
Xiuhcóatl,Criatura
Xiuhtecuhtli,Deidad
Xiuhtecuhtli-Cozauhqui,Deidad
Xiwangmu,Diosa
Xochipilli,Deidad
Xochiquétzal,Deidad
Xochitlicue,Deidad
Xochitónal,Criatura
Xocótl,Deidad
Xoxouhcaltzitzimitl,Demonio
Xtabay,Criatura
Xuan Nu,Diosa
Xulsigiae,Dios
Xólotl (divinidad),Deidad
Yabru,Dios
Yacatecuhtli,Deidad
Yachar,Deidad
Yaco,Deidad
Yacumama,Criatura
Yaguareté-Abá,Deidad
Yaguareté-Abá,Criatura
Yahui,Criatura
Yahweh,Deidad
Yahweh,Dios
Yaluk,Deidad
Yam,Dios
Yam,Deidad
Yama-uba,Criatura
Yamata-no-Orochi,Criatura
Yamatohime-no-mikoto,Dios
Yambavati,Diosa
Yarij,Deidad
Yarilo,Deidad
Yaso,Diosa
Yatagarasu,Dios
Yauhqueme,Deidad
Yauhtécatl,Deidad
Yayauhquicintéotl,Dios
Yayauhquicintéotl,Deidad
Yazata,Deidad
Yeguas de Diomedes,Criatura
Yemayá,Deidad
Yemo,Dios
Yeren,Criatura
Yeshe Tsogyal,Diosa
Yeti,Criatura
Yewá,Deidad
Yidam,Deidad
Yinglong,Dragón
Ymir,Gigante
Yoalteuctin,Deidad
Yoalticitl,Deidad
Yoguinis,Diosa
Yoque,Deidad
Youchao,Deidad
Yowie,Criatura
Yuanshi Tianzun,Deidad
Yuki-onna,Criatura
Yukinko,Criatura
Yum Kaax,Deidad
Yálemo,Deidad
Yúcahu,Deidad
Yōkai,Criatura
Yōkai,Deidad
Yōsei,Criatura
Zacatzontli,Deidad
Zagreo,Dios
Zahhak,Dragón
Zahhak,Demonio
Zalmoxis,Deidad
Zamná,Deidad
Zangbeto,Deidad
Zao Shen,Dios
Zao Shen,Deidad
Zashiki-warashi,Criatura
Zburator,Dragón
Zduhać,Criatura
Zelo,Deidad
Zetes,Héroe
Zeus,Deidad
Zeuxipe,Diosa
Zhang Guo Lao,Deidad
Zhongli Quan,Deidad
Zhu Rong,Deidad
Zibelthiurdos,Dios
Zintuhi,Deidad
Zipacná,Criatura
Zipacná,Deidad
Ziusudra,Héroe
Ziz,Criatura
Zlatorog,Criatura
Zonget,Deidad
Zorra teumesia,Criatura
Zorro de nueve colas,Criatura
Zurvan,Deidad
Áditi,Diosa
Áine,Deidad
Álfröðull,Dios
Ámpelo,Criatura
Ánfora de Neso,Criatura
Ángel del Señor,Criatura
Ángeles en el islam,Criatura
Ángeles en el islam,Deidad
Ápate,Diosa
Ápate,Deidad
Árbol de Bodhi,Deidad
Ártemis Pérsica,Deidad
Ártemis Pérsica,Dios
Átropos,Diosa
Átropos,Deidad
Áyax el Grande,Héroe
Áyax el Menor,Héroe
Ægir,Gigante
Élato,Criatura
Érebo,Deidad
Ériu,Deidad
Éter,Deidad
Ínaco,Dios
Íncubo,Criatura
Íncubo,Demonio
Ítax,Dios
Ítreksjóð,Dios
Ñamandú,Deidad
Ñuhu,Deidad
Óbena,Deidad
Ódder,Criatura
Ógama,Deidad
Óðr,Deidad
Ördög,Criatura
Ördög,Demonio
Útgarða-Loki,Gigante
Þjazi,Gigante
Þrymr,Gigante
Þrívaldi,Gigante
Þrúðgelmir,Gigante
Þrúðr,Diosa
Čénuke,Dios
Čénuke,Deidad
Ōgetsuhime,Dios
Ōkuninushi,Deidad
Ōmagatoki,Criatura
Šakkan,Deidad
