Región,Continente
América,América
América Central,América
América del Norte,América
América del Sur,América
Asia,Asia
Asia Central,Asia
Asia del Este,Asia
Asia del Noreste,Asia
Asia del Sur,Asia
Asia del Sureste,Asia
Oriente Medio,Asia
Europa,Europa
Europa del Este,Europa
Europa del Norte,Europa
Europa del Oeste,Europa
Europa del Sur,Europa
Oceanía,Oceanía
Diáspora Africana,África
África,África
África Central,África
África del Este,África
África del Norte,África
África del Oeste,África
África del Sur,África
