https://es.wikipedia.org/wiki/Categoría:Dioses_árabes,Mitología árabe,Dios
https://es.wikipedia.org/wiki/Categoría:Diosas_árabes,Mitología árabe,Diosa
https://es.wikipedia.org/wiki/Categoría:Dioses_cananeos,Mitología cananea,Dios
https://es.wikipedia.org/wiki/Categoría:Deidades_celtas,Mitología celta,Deidad
https://es.wikipedia.org/wiki/Categoría:Dioses_celtas,Mitología celta,Dios
https://es.wikipedia.org/wiki/Categoría:Diosas_celtas,Mitología celta,Diosa
https://es.wikipedia.org/wiki/Categoría:Dioses_egipcios,Mitología egipcia,Dios
https://es.wikipedia.org/wiki/Categoría:Diosas_egipcias,Mitología egipcia,Diosa
https://es.wikipedia.org/wiki/Categoría:Criaturas_mitológicas_egipcias,Mitología egipcia,Criatura
https://es.wikipedia.org/wiki/Categoría:Dioses_etruscos,Mitología etrusca,Dios
https://es.wikipedia.org/wiki/Categoría:Diosas_etruscas,Mitología etrusca,Diosa
https://es.wikipedia.org/wiki/Categoría:Personajes_de_la_mitología_finlandesa,Mitología finlandesa,Personaje
https://es.wikipedia.org/wiki/Categoría:Dioses_de_la_mitología_finlandesa,Mitología finlandesa,Dios
https://es.wikipedia.org/wiki/Categoría:Diosas_de_la_mitología_finlandesa,Mitología finlandesa,Diosa
https://es.wikipedia.org/wiki/Categoría:Criaturas_de_la_mitología_finlandesa,Mitología finlandesa,Criatura
https://es.wikipedia.org/wiki/Categoría:Personajes_de_la_mitología_germana,Mitología germana,Personaje
https://es.wikipedia.org/wiki/Categoría:Dioses_de_la_mitología_germana,Mitología germana,Dios
https://es.wikipedia.org/wiki/Categoría:Personajes_de_la_mitología_griega,Mitología griega,Personaje
https://es.wikipedia.org/wiki/Categoría:Dioses_de_la_mitología_griega,Mitología griega,Dios
https://es.wikipedia.org/wiki/Categoría:Diosas_de_la_mitología_griega,Mitología griega,Diosa
https://es.wikipedia.org/wiki/Categoría:Criaturas_de_la_mitología_griega,Mitología griega,Criatura
https://es.wikipedia.org/wiki/Categoría:Dragones_griegos,Mitología griega,Dragón
https://es.wikipedia.org/wiki/Categoría:Gigantes_de_la_mitología_griega,Mitología griega,Gigante
https://es.wikipedia.org/wiki/Categoría:Diosas_incaicas,Mitología incaica,Diosa
https://es.wikipedia.org/wiki/Categoría:Diosas_inuit,Mitología inuit,Diosa
https://es.wikipedia.org/wiki/Categoría:Diosas_itálicas,Mitología itálica,Diosa
https://es.wikipedia.org/wiki/Categoría:Deidades_mesopotámicas,Mitología mesopotámica,Deidad
https://es.wikipedia.org/wiki/Categoría:Diosas_mesopotámicas,Mitología mesopotámica,Diosa
https://es.wikipedia.org/wiki/Categoría:Personajes_de_la_mitología_Maya,Mitología maya,Personaje
https://es.wikipedia.org/wiki/Categoría:Deidades_mayas,Mitología maya,Deidad
https://es.wikipedia.org/wiki/Categoría:Criaturas_de_la_mitología_maya,Mitología maya,Criatura
https://es.wikipedia.org/wiki/Categoría:Personajes_de_la_mitología_mexica,Mitología mexica,Personaje
https://es.wikipedia.org/wiki/Categoría:Deidades_mexicas,Mitología mexica,Deidad
https://es.wikipedia.org/wiki/Categoría:Gigantes_de_la_mitología_mexica,Mitología mexica,Gigante
https://es.wikipedia.org/wiki/Categoría:Personajes_de_la_mitología_romana,Mitología romana,Personaje
https://es.wikipedia.org/wiki/Categoría:Dioses_de_la_mitología_romana,Mitología romana,Dios
https://es.wikipedia.org/wiki/Categoría:Diosas_de_la_mitología_romana,Mitología romana,Diosa
https://es.wikipedia.org/wiki/Categoría:Dioses_selknam,Mitología selknam,Dios
https://es.wikipedia.org/wiki/Categoría:Deidades_yorubas,Mitología yoruba,Deidad
https://es.wikipedia.org/wiki/Categoría:Dioses_chinos,Mitología china,Dios
https://es.wikipedia.org/wiki/Categoría:Diosas_chinas,Mitología china,Diosa
https://es.wikipedia.org/wiki/Categoría:Criaturas_de_la_mitología_china,Mitología china,Criatura
https://es.wikipedia.org/wiki/Categoría:Dragones_chinos,Mitología china,Dragón
https://es.wikipedia.org/wiki/Categoría:Deidades_coreanas,Mitología coreana,Deidad
https://es.wikipedia.org/wiki/Categoría:Criaturas_de_la_mitología_coreana,Mitología coreana,Criatura
https://es.wikipedia.org/wiki/Categoría:Dioses_de_la_mitología_japonesa,Mitología japonesa,Dios
https://es.wikipedia.org/wiki/Categoría:Diosas_de_la_mitología_japonesa,Mitología japonesa,Diosa
https://es.wikipedia.org/wiki/Categoría:Criaturas_de_la_mitología_japonesa,Mitología japonesa,Criatura
https://es.wikipedia.org/wiki/Categoría:Deidades_budistas,Mitología budista,Deidad
https://es.wikipedia.org/wiki/Categoría:Dioses_frigios,Mitología frigia,Dios
https://es.wikipedia.org/wiki/Categoría:Diosas_frigias,Mitología frigia,Diosa
https://es.wikipedia.org/wiki/Categoría:Personajes_de_la_mitología_nórdica,Mitología nórdica,Personaje
https://es.wikipedia.org/wiki/Categoría:Dioses_de_la_mitología_nórdica,Mitología nórdica,Dios
https://es.wikipedia.org/wiki/Categoría:Diosas_de_la_mitología_nórdica,Mitología nórdica,Diosa
https://es.wikipedia.org/wiki/Categoría:Criaturas_de_la_mitología_nórdica,Mitología nórdica,Criatura
https://es.wikipedia.org/wiki/Categoría:Diosas_vascas,Mitología vasca,Diosa
https://es.wikipedia.org/wiki/Categoría:Criaturas_de_la_mitología_ucraniana,Mitología ucraniana,Criatura
https://es.wikipedia.org/wiki/Categoría:Deidades_siberianas,Mitología siberiana,Deidad
https://es.wikipedia.org/wiki/Categoría:Deidades_persas,Mitología persa,Deidad
https://es.wikipedia.org/wiki/Categoría:Dioses_vudú,Mitología vudú,Dios
https://es.wikipedia.org/wiki/Categoría:Deidades_africanas,Mitología africana,Deidad
https://es.wikipedia.org/wiki/Categoría:Deidades_americanas,Mitología americana,Deidad
https://es.wikipedia.org/wiki/Categoría:Deidades_asiáticas,Mitología asiática,Deidad
https://es.wikipedia.org/wiki/Categoría:Criaturas_mitológicas_asiáticas,Mitología asiática,Criatura
https://es.wikipedia.org/wiki/Categoría:Deidades_europeas,Mitología europea,Deidad
https://es.wikipedia.org/wiki/Categoría:Dioses_europeos,Mitología europea,Dios
https://es.wikipedia.org/wiki/Categoría:Criaturas_mitológicas_europeas,Mitología europea,Criatura
https://es.wikipedia.org/wiki/Categoría:Deidades_oceánicas,Mitología oceánica,Deidad
https://es.wikipedia.org/wiki/Categoría:Dioses_fenicios,Mitología fenicia,Dios
https://es.wikipedia.org/wiki/Categoría:Dioses_semíticos,Mitología semítica,Dios
https://es.wikipedia.org/wiki/Categoría:Diosas_semíticas,Mitología semítica,Diosa
https://es.wikipedia.org/wiki/Categoría:Dioses_nubios,Mitología nubia,Dios
https://es.wikipedia.org/wiki/Categoría:Deidades_del_hinduismo,Mitología del hinduismo,Deidad
https://es.wikipedia.org/wiki/Categoría:Dioses_del_hinduismo,Mitología del hinduismo,Dios
https://es.wikipedia.org/wiki/Categoría:Diosas_del_hinduismo,Mitología del hinduismo,Diosa
https://es.wikipedia.org/wiki/Categoría:Criaturas_mitológicas_del_hinduismo,Mitología del hinduismo,Criatura
https://es.wikipedia.org/wiki/Categoría:Dioses_primordiales_de_la_mitología_griega,Mitología griega,Deidad
https://es.wikipedia.org/wiki/Categoría:Titanes,Mitología griega,Deidad
https://es.wikipedia.org/wiki/Categoría:Deidades_de_la_mitología_griega,Mitología griega,Deidad
https://es.wikipedia.org/wiki/Categoría:Dioses_olímpicos_menores,Mitología griega,Deidad
https://es.wikipedia.org/wiki/Categoría:Héroes_de_la_mitología_griega,Mitología griega,Héroe
https://es.wikipedia.org/wiki/Categoría:Monstruos_de_la_mitología_griega,Mitología griega,Monstruo
https://es.wikipedia.org/wiki/Categoría:Musas,Mitología griega,Diosa
https://es.wikipedia.org/wiki/Categoría:Oceánidas,Mitología griega,Dios
https://es.wikipedia.org/wiki/Categoría:Oceánides,Mitología griega,Diosa
https://es.wikipedia.org/wiki/Categoría:Descendientes_de_Zeus,Mitología griega,Personaje
https://es.wikipedia.org/wiki/Categoría:Descendientes_de_Poseidón,Mitología griega,Personaje
https://es.wikipedia.org/wiki/Categoría:Descendientes_de_Apolo,Mitología griega,Personaje
https://es.wikipedia.org/wiki/Categoría:Descendientes_de_Afrodita,Mitología griega,Personaje
https://es.wikipedia.org/wiki/Categoría:Diosas_tomadas_por_Zeus,Mitología griega,Diosa
https://es.wikipedia.org/wiki/Categoría:Diosas_amadas_por_Apolo,Mitología griega,Diosa
https://es.wikipedia.org/wiki/Categoría:Dioses_que_tomaron_a_Afrodita,Mitología griega,Dios
https://es.wikipedia.org/wiki/Categoría:Jotuns,Mitología nórdica,Gigante
https://es.wikipedia.org/wiki/Categoría:Vanir,Mitología nórdica,Deidad
https://es.wikipedia.org/wiki/Categoría:Æsir,Mitología nórdica,Dios
https://es.wikipedia.org/wiki/Categoría:Ásynjur,Mitología nórdica,Diosa
https://es.wikipedia.org/wiki/Categoría:Nornas,Mitología nórdica,Diosa
https://es.wikipedia.org/wiki/Categoría:Lobos_de_la_mitología_nórdica,Mitología nórdica,Criatura
https://es.wikipedia.org/wiki/Categoría:Hijos_de_Odín,Mitología nórdica,Personaje
https://es.wikipedia.org/wiki/Categoría:Demonios_en_el_hinduismo,Mitología del hinduismo,Demonio
https://es.wikipedia.org/wiki/Categoría:Divinidades_sintoistas,Mitología japonesa,Deidad
https://es.wikipedia.org/wiki/Categoría:Yōkai,Mitología japonesa,Criatura
https://es.wikipedia.org/wiki/Categoría:Tonalteteuctin,Mitología mexica,Deidad
https://es.wikipedia.org/wiki/Categoría:Dioses_del_viento_de_la_mitología_mexica,Mitología mexica,Dios
https://es.wikipedia.org/wiki/Categoría:Criaturas_mexicas,Mitología mexica,Criatura
https://es.wikipedia.org/wiki/Categoría:Demonios_de_la_mitología_mexica,Mitología mexica,Demonio
https://es.wikipedia.org/wiki/Categoría:Dharmapalas,Mitología budista,Deidad
https://es.wikipedia.org/wiki/Categoría:Dakinis,Mitología budista,Diosa
https://es.wikipedia.org/wiki/Categoría:Deidades_del_budismo_tibetano,Mitología budista,Deidad
https://es.wikipedia.org/w/index.php?title=Categor%C3%ADa:Personajes_de_la_mitolog%C3%ADa_griega&pagefrom=Frixo#mw-pages,Mitología griega,Personaje
https://es.wikipedia.org/w/index.php?title=Categor%C3%ADa:Personajes_de_la_mitolog%C3%ADa_griega&pagefrom=Tel%C3%A9gono+%28desambiguaci%C3%B3n%29#mw-pages,Mitología griega,Personaje
